index,account,postdate,tweet,link,comments,retweets,likes,views,replysource
1,"Kampak torgamba  · Gabung","unknown","Berita sore Telah terjadi pembvnvh4n di kandang motor. Sore ini. Menurut informasi org Kampung lalang cikampak labusel.Motif belum di ketahui. Semoga cepat kelar permasalahanya.","https://www.facebook.com/groups/1100508217125029/",0,0,64,-1,"NaN"
2,"Sharing Tumbuh Kembang Anak Balita  · Gabung","unknown","mom sharing yang anaknya pernah kayak gini. ini awalnya habis vaksin campak terus besoknya langsung kayak gini tambah kesini tambah menyebar jadi 1 badan. udah periksa… Lihat selengkapnya mom sharing yang anaknya pernah kayak gini. ini awalnya habis vaksin campak terus besoknya langsung kayak gini tambah kesini tambah menyebar jadi 1 badan. udah periksa… Lihat selengkapnya","https://www.facebook.com/groups/282962616769375/",0,0,1700,-1,"NaN"
3,"Info Vaksin Gratis  · Gabung","unknown","yang bisa buat keterangan vaksin 1- 4","https://www.facebook.com/groups/725809851654492/",0,0,4,-1,"NaN"
4,"KOPEKUSO ( KOMUNITAS PECINTA KUCING SOLO )","unknown","Yang pernah vaksin kucing, biasanya vaksin pertama harganya kisaran berapa nggih? Suwun","https://www.facebook.com/groups/477208712412454/",0,0,1,-1,"NaN"
5,"KOPEKUSO ( KOMUNITAS PECINTA KUCING SOLO )","unknown","Yang kucingnya mau steril gratis syarat dan ketentuan sudah vaksin rabies dan ada bukunyaYang kucingnya mau steril gratis syarat dan ketentuan sudah vaksin rabies dan ada bukunya","https://www.facebook.com/groups/477208712412454/",0,0,11,-1,"NaN"
6,"INDONESIA  · Gabung","unknown","Proyek pesanan siapa tuh udah datang tinggal disebarluaskan entah lewat udara atau humanity tourch...… Lihat selengkapnya Proyek pesanan siapa tuh udah datang tinggal disebarluaskan entah lewat udara atau humanity tourch...… Lihat selengkapnya","https://www.facebook.com/groups/207100049320404/",0,0,172,-1,"NaN"
7,"Group title pending  · Gabung","unknown","Wabah hantavirus yang terjadi di kapal pesiar MV Hondius kembali memicu perhatian terhadap upaya pengembangan vaksin untuk virus tersebut. Meski penelitian terus berjal… Lihat selengkapnya","https://www.facebook.com/groups/182570445663977/",1,0,1,-1,"NaN"
8,"Info Vaksin Gratis  · Gabung","unknown","info dong yang bsa nembak vaksin ke 3 yang nembus, buruh cepet soalnya","https://www.facebook.com/groups/725809851654492/",0,0,3,-1,"NaN"
9,"Rottweiler Indonesia in New Normal Condition","unknown","Calon pejantan tangguh Usia 11bulan.… Lihat selengkapnya Calon pejantan tangguh Usia 11bulan.… Lihat selengkapnya","https://www.facebook.com/groups/333104143482242/",0,0,13,-1,"NaN"
10,"Rottweiler Indonesia in New Normal Condition","unknown","Kembali Hadir.. Anakan Rottweiler Jantan Non Stambun Superbig..Terlahir dr Indukan Rott berstambun.. DOB 28 Januari 2026.. Hari ini umur 1 bulan 17 hari.. Sdh termasuk Vaksin Eurican 4 (E4)..… Lihat selengkapnya Kembali Hadir.. Anakan Rottweiler Jantan Non Stambun Superbig.. Terlahir dr Indukan Rott berstambun.. DOB 28 Januari 2026.. Hari ini umur 1 bulan 17 hari.. Sdh termasuk Vaksin Eurican 4 (E4)..… Lihat selengkapnya","https://www.facebook.com/groups/333104143482242/",0,0,12,-1,"NaN"
11,"KOPEKUSO ( KOMUNITAS PECINTA KUCING SOLO )","unknown","ADAKAN VAKSIN GRATIS/SUBSIDI??ADAKAN VAKSIN GRATIS/SUBSIDI??","https://www.facebook.com/groups/477208712412454/",0,0,2,-1,"NaN"
12,"Rottweiler Indonesia in New Normal Condition","unknown","Ready Lagi 1 Betina Usia 2 Bulan Kurang 7 hariStanbum, Vaksin & Obat Cacing   Lihat selengkapnya","https://www.facebook.com/groups/333104143482242/",1,0,1,-1,"NaN"
13,"ADOPSI KUCING SOLO DAN SEKITARNYA","unknown","Aku mau adopt kucing ras persia- jantan - no kutu dan jamur- pup pip di litter box- aktif, lincah… Lihat selengkapnya Aku mau adopt kucing ras persia - jantan - no kutu dan jamur - pup pip di litter box - aktif, lincah… Lihat selengkapnya","https://www.facebook.com/groups/273405435676711/",0,0,1,-1,"NaN"
14,"KOPEKUSO ( KOMUNITAS PECINTA KUCING SOLO )","unknown","info vaksin kucing area solo yang terjangkau selain puskeswan dimana yaa???info vaksin kucing area solo yang terjangkau selain puskeswan dimana yaa???","https://www.facebook.com/groups/477208712412454/",0,0,1,-1,"NaN"
15,"KOPEKUSO ( KOMUNITAS PECINTA KUCING SOLO )","unknown","Maaf kak mau tanya,Seberapa penting Vaksin untuk kesehatan kucing kedepanne kak dan umur brp harus di Vaksin.(Mau Vaksin kitten takut malah demam dan sakit)Terimakasih Maaf kak mau tanya, Seberapa penting Vaksin untuk kesehatan kucing kedepanne kak dan umur brp harus di Vaksin. (Mau Vaksin kitten takut malah demam dan sakit) Terimakasih","https://www.facebook.com/groups/477208712412454/",0,0,1,-1,"NaN"
16,"KOPEKUSO ( KOMUNITAS PECINTA KUCING SOLO )","unknown","Mau tanya kak kalo vaksin buat kucing brp ya, dan dimanaTerimakasih Mau tanya kak kalo vaksin buat kucing brp ya, dan dimanaTerimakasih","https://www.facebook.com/groups/477208712412454/",0,0,2,-1,"NaN"
17,"KOPEKUSO ( KOMUNITAS PECINTA KUCING SOLO )","unknown","Minta infonya, tempat vaksin kucing solo yang murah mana nggih","https://www.facebook.com/groups/477208712412454/",0,0,6,-1,"NaN"
18,"KOPEKUSO ( KOMUNITAS PECINTA KUCING SOLO )","unknown","Monggo yg mau vaksin rabies dan steril … Lihat selengkapnya","https://www.facebook.com/groups/477208712412454/",0,0,6,-1,"NaN"
19,"Exotic Peaknose Jogja","unknown","Peaknose NS 14bulan Belum pernah proven … Lihat selengkapnya Peaknose NS 14bulan Belum pernah proven … Lihat selengkapnya","https://www.facebook.com/groups/2226206834176328/",0,0,4,-1,"NaN"
20,"Rottweiler Indonesia in New Normal Condition","unknown","Betina 7bln stb… Lihat selengkapnya Betina 7bln stb… Lihat selengkapnya","https://www.facebook.com/groups/333104143482242/",9240,0,2,-1,"NaN"
21,"KOPEKUSO ( KOMUNITAS PECINTA KUCING SOLO )","unknown","Jadwal vaksin kedua Nemo minta dokter bebas ee.. rejeki bisa dengan drh. Bambang, next lanjut vaksin tahunanPecicilan hanya berlaku d rumah, d klinik dy anteng#nemo Jadwal vaksin kedua Nemo minta dokter bebas ee.. rejeki bisa dengan drh. Bambang, next lanjut vaksin tahunan Pecicilan hanya berlaku d rumah, d klinik dy anteng","https://www.facebook.com/groups/477208712412454/",0,0,11,-1,"NaN"
22,"Diskusi dan Sharing Seputar Bayi  · Gabung","unknown","Suntik imunisasi dpt itu wajib nggak sih Bun , saya tau itu hak anak tapi boleh kah saya tolak Saya dan suami masih trauma banget karna anak pertama dulu setiap suntik… Lihat selengkapnya Suntik imunisasi dpt itu wajib nggak sih Bun , saya tau itu hak anak tapi boleh kah saya tolak Saya dan suami masih trauma banget karna anak pertama dulu setiap suntik… Lihat selengkapnya","https://www.facebook.com/groups/759878459543655/",91,0,529,-1,"NaN"
23,"Seputar Mpasi dan Tumbuh Kembang Anak","unknown","Bunda yang cantik sharing dong, apa alasan bunda2 gak mau imunisasi anaknya  atau bunda2 tim anakny yg imunisasi lengkap, apa beda anak yg d imunisasi dan yg tidak????","https://www.facebook.com/groups/1019457676237045/",0,0,34,-1,"NaN"
24,"Sharing Tumbuh Kembang Anak Balita  · Gabung","unknown","Bengkak kelenjar setelah imunisasi BCG!!!!!Abis BCG umunya engha aada drama panas ato anget,, tapi sebulan kemudian kejadian tak pernah dibayangkan terjadi pada bayiku… Lihat selengkapnya Bengkak kelenjar setelah imunisasi BCG!!!!! Abis BCG umunya engha aada drama panas ato anget,, tapi sebulan kemudian kejadian tak pernah dibayangkan terjadi pada bayiku… Lihat selengkapnya","https://www.facebook.com/groups/282962616769375/",0,0,469,-1,"NaN"
25,"ARELA (Komunitas Arek - Arek Lawang ) Duplikat ASLI  · Gabung","unknown","imunisasi BCG apakah bisa di bidan?","https://www.facebook.com/groups/528811023876447/",0,0,12,-1,"NaN"
26,"SEPUTAR KEHAMILAN, PROMIL &  BUSUI","unknown","Hari ini suntik imunisasi DPT 3 , Alhamdulillah selalu imunisasi rutin sejak lahir.… Lihat selengkapnya","https://www.facebook.com/groups/2258797000995969/",0,0,11,-1,"NaN"
27,"Diskusi dan Sharing Seputar Bayi  · Gabung","unknown","Adek Elkeenan habis Imunisasi DPT1...semoga tidak rewel .....… Lihat selengkapnya Adek Elkeenan habis Imunisasi DPT1... semoga tidak rewel .....… Lihat selengkapnya","https://www.facebook.com/groups/759878459543655/",0,0,2,-1,"NaN"
28,"GRUP ANTI VAKSIN","unknown","Saya sama sekali belum d vaksin,Namun orang-orang yang sudah d vaksin terlalu mudah sakit dan lelah.Apakah Ada solusi nya ? Saya sama sekali belum d vaksin, Namun orang-orang yang sudah d vaksin terlalu mudah sakit dan lelah. Apakah Ada solusi nya ?","https://www.facebook.com/groups/193789696040956/",0,0,15,-1,"NaN"
29,"Anda Bertanya Sains Menjawab  · Gabung","unknown","Mau tanya ABSMKenapa banyak masyarakat yang anti dengan vaksin, nakes dan dokter contoh ada di foto. Yah bukan cuma Indonesia, ada juga fenomena anti vaksin di Amerika. Banyak 'dokter tradisional' yang menyarankan obat tradisional dan menjauhi obat konvensional, bahkan untuk TBC dan HIV. Apakah mereka menggiring opini untuk membeli obat mereka atau hanya sekedar kebencian?okelah kalau benci dengan keteledoran, etika profesional, atau Mark up harga. Tapi kenapa benci ke semua … Lihat selengkapnya","https://www.facebook.com/groups/1247224995324514/",0,0,33,-1,"NaN"
30,"Anti-Vax School Options  · Gabung","unknown","Hi all, I am at the out-of-options point trying to get a vaccine exemption for my children to attend a Waldorf School in NYS. I am hoping someone here can help.We currently live in NC where our religious exemption has been accepted and my children currently attend a Waldorf school. We need to relocate though.We were hoping to relocate to NYS where all of my family live, but the Waldorf school won’t accept the frontline exemption w… Lihat selengkapnya Hi all, I am at the out-of-options point trying to get a vaccine exemption for my children to attend a Waldorf School in NYS. I am hoping someone here can help. We currently live in NC where our religious exemption has been accepted and my children currently attend a Waldorf school. We need to relocate though. We were hoping to relocate to NYS where all of my family live, but the Waldorf school won’t accept the frontline exemption w… Lihat selengkapnya","https://www.facebook.com/groups/459706678652634/",0,0,1,-1,"NaN"
31,"Homeschool Moms  · Gabung","unknown","Allergy shot advice ..we are anti vax (not up for discussion) but our 3yo is struggling so badly even with his daily Zyrtec. I'm talking swollen eyes face sneezing coughing hives. He wants to live outside. It's so hard. Any success stories of kid allergy shots or even your own?  Staying inside just isn't an option. I know they can take a year to work but if it would help him overall...... Are the shots toxic? Any negative reactions?","https://www.facebook.com/groups/467088916727307/",0,0,13,-1,"NaN"
32,"Crunchy Moms: Natural Living & Clean Products  · Gabung","unknown","I’m someone who was very anti vax and now more on the fence. A lot of the anti vax claims seem very contradictory to me or don’t make sense. I’m wondering if those of you who are anti vax can help me make sense of these things. 1) Why do you claim we can’t trust the CDC, FDA, pharma but then use their sources as evidence? That seems contradictory to me. How can we trust only parts we want to agree with?2) If the purpose of vaccine… Lihat selengkapnya I’m someone who was very anti vax and now more on the fence. A lot of the anti vax claims seem very contradictory to me or don’t make sense. I’m wondering if those of you who are anti vax can help me make sense of these things. 1) Why do you claim we can’t trust the CDC, FDA, pharma but then use their sources as evidence? That seems contradictory to me. How can we trust only parts we want to agree with? 2) If the purpose of vaccine… Lihat selengkapnya","https://www.facebook.com/groups/9376506729134208/",0,0,176,-1,"NaN"
33,"Crunchy Moms: Natural Living & Clean Products  · Gabung","unknown","I need help. I’ll start by saying I’m in the “great” CaliforniaMy 10yr old I have guardianship of wants to go back to school from the year Ive homeschooled him. Only issue is he needs vaccines to go, his mom had sent him with a fake vaccine card prior to me obtaining guardianship. Me and his mom are anti vax, his mom asked me to not vaccinate him, my kids aren’t. But I almost feel it would be good for him to go back into the school… Lihat selengkapnya I need help. I’ll start by saying I’m in the “great” California My 10yr old I have guardianship of wants to go back to school from the year Ive homeschooled him. Only issue is he needs vaccines to go, his mom had sent him with a fake vaccine card prior to me obtaining guardianship. Me and his mom are anti vax, his mom asked me to not vaccinate him, my kids aren’t. But I almost feel it would be good for him to go back into the school… Lihat selengkapnya","https://www.facebook.com/groups/9376506729134208/",0,0,2,-1,"NaN"
34,"Foster and Adoptive Parents Support Group  · Gabung","unknown","Anti-Vax BioI’m a foster parent to an almost 1 year old and their parent is newly anti-vax. I’m really worried about measles coming to my area and our foster child not being protected…Social worker says there is nothing anyone can do.… Lihat selengkapnya Anti-Vax Bio I’m a foster parent to an almost 1 year old and their parent is newly anti-vax. I’m really worried about measles coming to my area and our foster child not being protected… Social worker says there is nothing anyone can do.… Lihat selengkapnya","https://www.facebook.com/groups/172612776096960/",7,0,12,-1,"NaN"
35,"Arnica - Parents' Support Network, Promoting Natural Immunity  · Gabung","unknown","Babies & children’s vaccinations UKHi all, i just need some reassurance from parents who have decided not to vaccinate their babies. I had my little girl 9 weeks ago, i declined Vit K in the hospital after doing research etc. In the hospital they were trying to scare me telling me my baby might get very poorly and have blood clots etc but i still declined. Me and my partner and both families are anti vax but only in the recent years. Me and my partner had vaccines up until we… Lihat selengkapnya","https://www.facebook.com/groups/98258276788/",0,0,20,-1,"NaN"
36,"Crunchy Moms: Natural Living & Clean Products  · Gabung","unknown","New mom with her first… What is your stance on vaccines for babies with fetal heart defects? Baby is going to have surgery immediately upon birth… living in the hospital for a bit.","https://www.facebook.com/groups/9376506729134208/",0,0,1,-1,"NaN"
37,"Crunchy Moms: Natural Living & Clean Products  · Gabung","unknown","I had the most anti Vax reassuring conversation with my neighbour last night...If anyone is doubting their decision please read.My neighbour is from a different country and pro Vax, she said her children had the chicken pox vaccine as did she and they all got chicken pox, her son even had it in his eyes. My children didn't have the Vax, only just on the schedule this year in the UK. They had chicken pox, were poorly for a couple of… Lihat selengkapnya I had the most anti Vax reassuring conversation with my neighbour last night... If anyone is doubting their decision please read. My neighbour is from a different country and pro Vax, she said her children had the chicken pox vaccine as did she and they all got chicken pox, her son even had it in his eyes. My children didn't have the Vax, only just on the schedule this year in the UK. They had chicken pox, were poorly for a couple of… Lihat selengkapnya","https://www.facebook.com/groups/9376506729134208/",0,0,958,-1,"NaN"
38,"SERTIFIKAT/KARTU VAKSIN COVID  · Gabung","unknown","Admin kembali silahkan yang keperluan vaksinasi covid langsung PM","https://www.facebook.com/groups/140600948245948/",0,0,1,-1,"NaN"
39,"SERTIFIKAT/KARTU VAKSIN COVID  · Gabung","unknown","Hati-hati marak bentuk penipuan mengatasnamakan pembuatan sertifikat vaksin yang merugikan teman2, Bila ada yang butuh bantuan dan bertanya mengenai hal tersebut atau pun hal yang menyangkut vaksinasi bisa inbox admin grupTERIMA KASIHHati-hati marak bentuk penipuan mengatasnamakan pembuatan sertifikat vaksin yang merugikan teman2, Bila ada yang butuh bantuan dan bertanya mengenai hal tersebut atau pun hal yang menyangkut vaksinasi bisa inbox admin grupTERIMA KASIH","https://www.facebook.com/groups/140600948245948/",0,0,71,-1,"NaN"
40,"Beternak Bersama A.  Ilyas PhD (Kyoto Univ.)","unknown","contoh program vaksinasi","https://www.facebook.com/groups/585146982364618/",0,0,32,-1,"NaN"
41,"ADOPSI KUCING SOLO DAN SEKITARNYA","unknown","GUMIHO PETS IDGrooming | Pet Hotel | Steril | Vaksin | Dokter HewanSurakarta & sekitarnya Lihat selengkapnya","https://www.facebook.com/groups/273405435676711/",1,0,1,-1,"NaN"
42,"PETERNAK AYAM PETELUR GRESIK/LAMONGAN/TUBAN/BOJONEGORO/JOMBANG/MOJOKERTO  · Gabung","unknown","Monggo ayam puletnya usia 16mingguData vaksin,recording komplitSiap kirim pembayaran ditempat free ongkir wa.me/628818583647Tlfn 08818583647","https://www.facebook.com/groups/1501649130624645/",0,0,1,-1,"NaN"
43,"LEPAS ADOPSI KUCING SURABAYA  · Gabung","unknown","*Mainecoon kitten Nonped* *Betina Cantik* *Proven 1x* (anakannya sdh ada yg teradopt)☆cream tabby mainecoon Us… Lihat selengkapnya *Mainecoon kitten Nonped* *Betina Cantik* *Proven 1x* (anakannya sdh ada yg teradopt) ☆cream tabby mainecoon Us… Lihat selengkapnya","https://www.facebook.com/groups/199411229719032/",0,0,0,-1,"NaN"
44,"SEGALA RAS ANJING SOLORAYA","unknown","open adopt Indukan Husky non stb vaksin usia 5 tahun pernah beranak tahun kemarin 7 ekor (puppy slide terakhir udah sold semua)lokasi mojosongo solo. di jamin sehat (b… Lihat selengkapnya open adopt Indukan Husky non stb vaksin usia 5 tahun pernah beranak tahun kemarin 7 ekor (puppy slide terakhir udah sold semua) lokasi mojosongo solo. di jamin sehat (b… Lihat selengkapnya","https://www.facebook.com/groups/516879366851837/",0,0,3,-1,"NaN"
45,"JUAL BELI AYAM PETELUR AREA GRESIK","unknown","Jual Ayam Petelur Umur 15–16 MingguSiap produksi! Kondisi sehat & perawatan terjamin.… Lihat selengkapnya Jual Ayam Petelur Umur 15–16 Minggu Siap produksi! Kondisi sehat & perawatan terjamin.… Lihat selengkapnya","https://www.facebook.com/groups/1733782076902782/",0,0,40,-1,"NaN"
46,"Uma A  · Ikuti","unknown","Saya posting ulang ya mbak. Bisa langsung baca k fb beliau resiko vaksin MR","https://www.facebook.com/angelina.octa.12/posts/pfbid0WQkuyHcz2WZXBcxxAZLEXhXNPy8TsmWYs5E3hYnbpeukdf964WqQDdxELX3w3deRl",0,0,293,-1,"NaN"
47,"Beternak Bersama A.  Ilyas PhD (Kyoto Univ.)","unknown","ijin tanya prof apakah boleh vaksin nd ib ai tiap sebulan sekali,dan ada efek samping ny atw tidak,terimakasihijin tanya prof apakah boleh vaksin nd ib ai tiap sebulan sekali,dan ada efek samping ny atw tidak,terimakasih","https://www.facebook.com/groups/585146982364618/",0,0,13,-1,"NaN"
48,"JUAL BELI BAJU PL PALEMBANG  · Gabung","unknown","info yang biso buat vaksin booster palsuu","https://www.facebook.com/groups/320413916423701/",0,0,3,-1,"NaN"
49,"SERTIFIKAT/KARTU VAKSIN COVID  · Gabung","unknown","hallo guys hati2 sama ini orang katanya ngurusin vaksin tp ternyata data yg d kaish itu palsu @ni putu oktayanti hati2 ya sama nomor yg itu … Lihat selengkapnya hallo guys hati2 sama ini orang katanya ngurusin vaksin tp ternyata data yg d kaish itu palsu @ni putu oktayanti hati2 ya sama nomor yg itu … Lihat selengkapnya","https://www.facebook.com/groups/140600948245948/",0,0,4,-1,"NaN"
50,"Sukabumi Grup Jual Butuh  · Gabung","unknown","+62 816-1111-182*penjual vaksin palsu*(memberikan contoh vaksin dengan yg asli, untuk menipu costumer, supaya dikira yang dia jual adalah vaksin asli, padahal vaksin palsu)… Lihat selengkapnya +62 816-1111-182 *penjual vaksin palsu* (memberikan contoh vaksin dengan yg asli, untuk menipu costumer, supaya dikira yang dia jual adalah vaksin asli, padahal vaksin palsu)… Lihat selengkapnya","https://www.facebook.com/groups/336307636538111/",1,0,1,-1,"NaN"
51,"Pejuang TBC Indonesia","unknown","BissmillahApakah Disni ada yang ngalamin salah diagnosa??Mau tanya anakku demam tanpa gejala lain seperti batuk,sesek.dll, ku bawa ke RSSingkat cerita anakku di rongsen hasilnya kesan pneumonia Terus test mantoux nimbulkan reaksi benjolan  Lihat selengkapnya","https://www.facebook.com/groups/425590565277938/",0,0,6,-1,"NaN"
52,"Habar Halong-Juai Seputaran Balangan (Sanggam)  · Gabung","unknown","Terima jasa buat*Vaksin* pengalaman kerja*Ijazah palsuBisa hub.0858-2234-3237","https://www.facebook.com/groups/585363621972001/",0,0,7,-1,"NaN"
53,"👉BAHODOPI DAGANG👈","unknown","Loloskan Admin, ini penipu mau bantu buatkan vaksin suda di trf malah di kirimkan vaksin palsu, di WA di blokir di messenger juga di Blokir Tlong yg mau buat Vaksin sama org ini Hati"" penipu asli smpai tidak ad etikad baiknya mau kirimkan yg aslinya masih tetap sy cari org ini","https://www.facebook.com/groups/630938980731303/",0,0,1,-1,"NaN"
54,"Komunitas Umroh dan Haji Backpaker  · Gabung","unknown","Hati2 gaes situs sinarkerkes vaksin asli sinarkes.go.id kasian jamaahnya kalau di kasih palsu bayar sama2 harganya","https://www.facebook.com/groups/572182703224970/",0,0,2,-1,"NaN"
55,"INFO POJOKE JOMBANG  · Gabung","unknown","SERTIFIKAT VAKSIN PALSU… Lihat selengkapnya","https://www.facebook.com/groups/781878242440902/",0,0,17,-1,"NaN"
56,"BMI SINGAPORE","unknown","Curhat besty sewaktu di PT kalian ada gak yg di mintain vaksin ke 4?? setauku vaksin yg ke 4 itu khusus Medis saja.Dan menurutku ini sudah tidak ada covid.Katanya cuma buat persyaratan BIODATA tapi kita di suruh bikin dan bayar 200 itu NEMBAK VAKSIN PALSU.  Kira kira wajar gak sih bagiku pemerasan di ASRAMA. Curhat besty sewaktu di PT kalian ada gak yg di mintain vaksin ke 4?? setauku vaksin yg ke 4 itu khusus Medis saja. Dan menurutku ini sudah tidak ada covid. Katanya cuma buat persyaratan BIODATA tapi kita di suruh bikin dan bayar 200 itu NEMBAK VAKSIN PALSU. Kira kira wajar gak sih bagiku pemerasan di ASRAMA.","https://www.facebook.com/groups/1000905554276771/",0,0,12,-1,"NaN"
57,"PEJUANG AUTOIMUN  · Gabung","unknown","Bismillah, saya belum siap vaksin ..sebab perjalanan fisik saya masih flare ke flare...alhamdulillah,  Saya  aktivitas tiap hari ngurus ortu yang usianya 90 tahun dan anak yang masih belum mandiri laki2 usia 8 Tahun antar jemput sekolah...jadinya belum punya aplikasi peduli lindung...akses saya jadi terbatas...boleh gak ya bikin surat penolakan vaksin saja...berhubung ortu tidak bisa dititipkan lama2 ke yang lain kalau saya flare taku… Lihat selengkapnya","https://www.facebook.com/groups/376130372466773/",0,0,7,-1,"NaN"
58,"Jadwal kecimol Se AK Ntb  · Gabung","unknown","Zaman dimama manusia sangat jahat dan kejam demi haus akan kekuasaan dan bisnis yg mreka jalani.#Elit global#efstein file#ini zamannya buata virus&jualan vaksin Zaman dimama manusia sangat jahat dan kejam demi haus akan kekuasaan dan bisnis yg mreka jalani. #Elit global#efstein file#ini zamannya buata virus&jualan vaksin Dua kata yang dampaknya lebih kuat daripada penjelasan kebijakan apa pun. Klip ini bukan hanya memecah belah opini; tetapi juga mengungkap sisi sensitif dari cara k… Lihat selengkapnya","https://www.facebook.com/groups/301501975691289/",1,0,2,-1,"NaN"
59,"Smallangel Pits 2 jam yang lalu","2 jam","Mahar brp betina....","https://www.facebook.com/groups/333104143482242/",0,0,0,-1,"https://www.facebook.com/groups/333104143482242/"
60,"Rio Saputra 12 jam yang lalu","12 jam","Info nya kak","https://www.facebook.com/groups/333104143482242/",0,0,0,-1,"https://www.facebook.com/groups/333104143482242/"
61,"Budhi 4 jam yang lalu","4 jam","Brp hrg bang","https://www.facebook.com/groups/333104143482242/",0,0,0,-1,"https://www.facebook.com/groups/333104143482242/"
62,"Reilia Daniella Mailangkay 5 minggu yang lalu","5 minggu","Depok kak, cimanggis ready","https://www.facebook.com/groups/333104143482242/",0,0,0,-1,"https://www.facebook.com/groups/333104143482242/"
63,"Jhonly Jethlee Leong sehari yang lalu","unknown","Cek mahar ma lokasinya om","https://www.facebook.com/groups/333104143482242/",0,0,0,-1,"https://www.facebook.com/groups/333104143482242/"
64,"Titin 4 hari yang lalu","4 hari","Alumni  12 desember bun usia 5 bln pas bb 7,1 full Asi  baru DPT 1 hehe  ini skrg lg demam ,moga cpt sehat ,baru tengkurep blm bisa balek sendiri,","https://www.facebook.com/groups/759878459543655/",0,0,0,-1,"https://www.facebook.com/groups/759878459543655/"
65,"Esty Nya Rully 4 hari yang lalu","4 hari","9 Januari SDH bisa tengkurep di Usia 3 BLN LBH seminggu… Lihat selengkapnya","https://www.facebook.com/groups/759878459543655/",0,0,0,-1,"https://www.facebook.com/groups/759878459543655/"
66,"Peserta anonim 870 sekitar satu jam yang lalu","unknown","Yes.  We had to.  Same reasons and after all the inpatient stays this year I’m thankful. Gas and everything is so expensive.","https://www.facebook.com/groups/172612776096960/",0,0,0,-1,"https://www.facebook.com/groups/172612776096960/"
67,"MysticalGrape2334 sekitar satu jam yang lalu","unknown","I was under the impression that once subsidy was set that you cannot renegotiate it. Am I missing something? Located in Michigan","https://www.facebook.com/groups/172612776096960/",0,0,0,-1,"https://www.facebook.com/groups/172612776096960/"
68,"Diskusi dan Sharing Seputar Bayi  · Gabung","unknown","Vaksin campak sama ipv itu d suntikny memang 1x kah? Aku searching d google dan liat VT org2 ko 2x ya bun paha kanan kiri Aku kecolongan bun, anaku waktu usia 9bln imunisasi tulisan dokter campak+ipv.. Tapi perawatnya cuma suntik 1x campak saja aku ingt betul, d bagian tulisan imunisasi jga cuma tulis campak. Kebetulan buku KIA yg lama, jd ipv ny gak ada kolomny Stelah d konfirmasi ke terkait.. Mereka malah bilang sudah 1paket Lihat Lebih Sedikit Vaksin campak sama ipv itu d suntikny memang 1x kah? Aku searching d google dan liat VT org2 ko 2x ya bun paha kanan kiri Aku kecolongan bun, anaku waktu usia 9bln imunisasi tulisan dokter campak+ipv.. Tapi perawatnya cuma suntik 1x campak saja aku ingt betul, d bagian tulisan imunisasi jga cuma tulis campak. Kebetulan buku KIA yg lama, jd ipv ny gak ada kolomny Stelah d konfirmasi ke terkait.. Mereka malah bilang sudah 1paket Lihat Lebih Sedikit","https://www.facebook.com/groups/759878459543655/",0,0,3,-1,"NaN"
69,"Group title pending  · Gabung","unknown","Lagi rame vaksin campakMenurut kalian gimana? apa pendapat nyaLagi rame vaksin campakMenurut kalian gimana? apa pendapat nya","https://www.facebook.com/groups/326691975374157/",0,0,28,-1,"NaN"
70,"Diskusi dan Sharing Seputar Bayi  · Gabung","unknown","Mau tanya bunda2 vaksin campak itu bikin demam ap tidak?Mau tanya bunda2 vaksin campak itu bikin demam ap tidak?","https://www.facebook.com/groups/759878459543655/",0,0,5,-1,"NaN"
71,"Diskusi dan Sharing Seputar Bayi  · Gabung","unknown","Assalamualaikum.... Adakah bunda² anak nya yg belum vaksin campak tapi sudah terpapar, bagi pengalamannya dan cara pencegahannya bunda², anakku umur nya 8bln bulan depan baru mau imunisasi campak. Sekarang lagi terpapar virus tersebut#shering #Campak Assalamualaikum.... Adakah bunda² anak nya yg belum vaksin campak tapi sudah terpapar, bagi pengalamannya dan cara pencegahannya bunda², anakku umur nya 8bln bulan depan baru mau imunisasi campak. Sekarang lagi terpapar virus tersebut #shering #Campak","https://www.facebook.com/groups/759878459543655/",0,0,1,-1,"NaN"
72,"Diskusi dan Sharing Seputar Bayi  · Gabung","unknown","Lagi banyak bahas nolak vaksin, alhamdulillah anak aku uda sampai campak. Penting bismillahirrahmanirrahim ajaLagi banyak bahas nolak vaksin, alhamdulillah anak aku uda sampai campak. Penting bismillahirrahmanirrahim aja","https://www.facebook.com/groups/759878459543655/",0,0,4,-1,"NaN"
73,"Diskusi dan Sharing Seputar Bayi  · Gabung","unknown","Mau nanya ke bunda2 yang cantik dan baik hati yang anak nya sudah vaksin campak anak nya demam ga bun bekas suntikan nya sakit ga bun tolong di bantu sekilas info nya ya bun maklum anak saya bulan depan mau vaksin campak","https://www.facebook.com/groups/759878459543655/",0,0,10,-1,"NaN"
74,"Nur'aini Aini  · Ikuti","unknown","padahal pas waktu kecil sudah di vaksin campakkok pas udah besar masih di campakan semua orangpadahal pas waktu kecil sudah di vaksin campakkok pas udah besar masih di campakan semua orang","https://www.facebook.com/groups/1544448512513338/",0,0,10,-1,"NaN"
75,"SENSASI DUNIA MAYA","unknown","Dulu waktu masih kecil pernah di vaksin CAMPAKTapi giliran udah gede masih aja di CAMPAKanDulu waktu masih kecil pernah di vaksin CAMPAKTapi giliran udah gede masih aja di CAMPAKan","https://www.facebook.com/groups/1349434769246694/",21792,0,6,-1,"NaN"
76,"Diskusi dan Sharing Seputar Bayi  · Gabung","unknown","Demam setelah vaksin campak‑rubela memang sering terjadi karena tubuh sedang merespon vaksin. Berikut beberapa langkah yang dapat Anda lakukan untuk membantu anak tetap nyaman sekaligus memantau keadaannya:1. *Pastikan anak cukup istirahat*Beri ia waktu untuk tidur dan hindari aktivitas yang terlalu berat.…  Demam setelah vaksin campak‑rubela memang sering terjadi karena tubuh sedang merespon vaksin. Berikut beberapa langkah yang dapat Anda lakukan untuk membantu anak tetap nyaman sekaligus memantau keadaannya: 1. *Pastikan anak cukup istirahat* Beri ia waktu untuk tidur dan hindari aktivitas yang terlalu berat.…","https://www.facebook.com/groups/759878459543655/",0,0,0,-1,"NaN"
77,"Diskusi dan Sharing Seputar Bayi  · Gabung","unknown","Bu ibu, mohon sekarang hati-hati sekali, karna sekarang kasus sakit campak semakin tinggi, terutama pada bayi, mohon pengertiannya agar tidak menyentuh, dan mencium bay…","https://www.facebook.com/groups/759878459543655/",0,0,37,-1,"NaN"
78,"Diskusi dan Sharing Seputar Bayi  · Gabung","unknown","Pagi sobat dumay selamat bersantap sahur bagi warga muslim di seluruh dunia yang sedang menjalankan ibadah puasa  YUK KITA PERBARUI INFORMASI TENTANG CAMPAK CACAR AIR RUBELA     Tiga penyakit ini sama-sama menyebabkan ruam pada kulit, tapi penyebab, gejala, dan tingkat bahayanya berbeda. Berikut perbedaan utama campak, cacar air, dan rubela:1. Campak (Measles)             Campak-Penyebab: Virus campak (measles virus).Gejala utama:-Demam tinggi-Batuk, pilek, mata merah-Bercak putih kecil di dalam mulut (bintik Koplik)-Ruam merah muncul dari wajah lalu menyebar ke seluruh tubuh-Ciri khas ruam:-Ruam merah menyatu-Tidak berisi cairan         Tingkat bahaya:-Cukup serius, bisa menyebabkan komplikasi seperti radang paru atau radang otak, terutama pada anak kecil.2. Cacar Air              Cacar Air-Penyebab: Virus varicella-zoster.-Gejala utama:-Demam ringan-Badan lemas-Gatal hebat-Muncul lepuhan berisi cairan          Ciri khas ruam:-Bintik merah → gelembung berisi cairan → mengering menjadi keropeng-Bisa muncul di wajah, badan, kulit kepala, sampai mulut         Tingkat bahaya:-Biasanya ringan pada anak, tapi bisa lebih berat pada orang dewasa atau orang dengan imun lemah.3. Rubela (Campak Jerman)             RubellaPenyebab: Virus rubella.        Gejala utama:-Demam ringan-Pembengkakan kelenjar di belakang telinga / leher-Kadang nyeri sendi            Ciri khas ruam:-Ruam merah muda-Mulai dari wajah lalu menyebar-Biasanya lebih ringan dan cepat hilang (±3 hari)            Tingkat bahaya: -Biasanya ringan, tetapi sangat berbahaya bagi ibu hamil karena bisa menyebabkan kelainan pada bayi. Ringkasnya:Penyakit Ciri Ruam Gejala Khas Tingkat BahayaCampak Ruam merah menyatu Demam tinggi, batuk, mata merah Bisa seriusCacar air Lepuhan berisi cairan, sangat gatal Bintik → gelembung → keropeng Umumnya ringanRubela Ruam merah muda ringan Kelenjar bengkak, demam ringan Bahaya pada ibu hamil Pencegahan utama untuk ketiganya adalah vaksin Vaksin MMR (campak, gondongan, rubela) dan va","https://www.facebook.com/groups/759878459543655/",1614000,0,16,-1,"NaN"
79,"Diskusi dan Sharing Seputar Bayi  · Gabung","unknown","Kenali Bedanya: Campak, Rubella, & Roseola! Sama-sama bikin ruam merah, tapi ternyata virus dan sifatnya beda banget, lho! Yuk, simak perbandingannya: 1. CAMPAK (Measles)• Virus: Paramyxovirus.• Khasnya: Paling ""galak"". Demam bisa sangat tinggi (40°C+).• Gejala: Batuk, pilek, mata merah (3M), dan ada bercak putih di mulut (Koplik's spots).• Ruam: Muncul dari batas rambut/belakang telinga saat demam lagi tinggi-tingginya. 2. RUBELLA (Campak Jerman)• Virus: Rubella virus.• Khasnya: Lebih ringan pada anak, tapi SANGAT BERBAHAYA untuk janin jika menular ke ibu hamil.• Gejala: Ada benjolan (kelenjar getah bening) di belakang telinga atau leher.• Ruam: Merah muda halus, muncul cepat dan biasanya hilang dalam 3 hari. 3. ROSEOLA (Exanthema Subitum)• Virus: Human Herpesvirus 6 & 7.• Khasnya: ""Si Kejutan"". Menyerang bayi/balita.• Gejala: Demam tinggi mendadak selama 3-5 hari, tapi anak biasanya tetap ceria dan aktif bermain.• Ruam: Ruam justru baru muncul SETELAH demam sembuh total. Mulainya dari dada/perut.Penting: Pastikan si kecil mendapatkan imunisasi rutin (MR/MMR) untuk perlindungan terbaik! Jika ragu dengan gejala yang muncul, segera konsultasikan ke dokter ya. Referensi Buku1. Buku Ajar Infeksi dan Pediatri Tropis - Ikatan Dokter Anak Indonesia (IDAI)2. ⁠The Infection Game - Dr. Jane Wilson-Howarth3. ⁠Pedoman Imunisasi di Indonesia - Ikatan Dokter Anak Indonesia (IDAI) Lihat Lebih Sedikit Kenali Bedanya: Campak, Rubella, & Roseola! Sama-sama bikin ruam merah, tapi ternyata virus dan sifatnya beda banget, lho! Yuk, simak perbandingannya: 1. CAMPAK (Measles) • Virus: Paramyxovirus. • Khasnya: Paling ""galak"". Demam bisa sangat tinggi (40°C+). • Gejala: Batuk, pilek, mata merah (3M), dan ada bercak putih di mulut (Koplik's spots). • Ruam: Muncul dari batas rambut/belakang telinga saat demam lagi tinggi-tingginya. 2. RUBELLA (Campak Jerman) • Virus: Rubella virus. • Khasnya: Lebih ringan pada anak, tapi SANGAT BERBAHAYA untuk janin jika menular ke ibu hamil. • Gejala","https://www.facebook.com/groups/759878459543655/",0,0,0,-1,"NaN"
80,"Diskusi dan Sharing Seputar Bayi  · Gabung","unknown","Bunda²mau nanya dong??obat campak apa ya? yang bagus","https://www.facebook.com/groups/759878459543655/",0,0,6,-1,"NaN"
81,"Diskusi dan Sharing Seputar Bayi  · Gabung","unknown","IMUNISASI YANG 12 BULAN(sesudah campak)Bikin demam nggak bun?IMUNISASI YANG 12 BULAN(sesudah campak)Bikin demam nggak bun?","https://www.facebook.com/groups/759878459543655/",0,0,14,-1,"NaN"
82,"Diskusi dan Sharing Seputar Bayi  · Gabung","izin bertanya bun,ankku kemarin demam ,lalu muncul kayak gini di badan,apa ini termasuk ciri-ciri nya kena campak yh","izin bertanya bun,ankku kemarin demam ,lalu muncul kayak gini di badan,apa ini termasuk ciri-ciri nya kena campak yh izin bertanya bun, ankku kemarin demam ,lalu muncul kayak gini di badan,apa ini termasuk ciri-ciri nya kena campak yh","https://www.facebook.com/groups/759878459543655/",0,0,8,-1,"NaN"
83,"Diskusi dan Sharing Seputar Bayi  · Gabung","unknown","Sharing aja ya bunTolong jgn dibullyJdi bayi saya 7bulan kena campak, dr hari jumat masuk RS, hari senin baru ketahuan kalo bagiku kena campak akhirnya di isolasiDi ruang isolasi, ad 3 anak yg sakit cmpakYg 1nya itu dipasang oksigen, di kasih selang dr hidung buat num susuKrna sesak berat akhirnya mau dipindahkan k PICUSaya tnya bun, anknya sakit apa, mamanya diam ajaNeneknya jawab, ini kena campak ini sesak mkanya dipasang oksigenOwh,, saya jawab mang gk di imunisasiGk,, mamanya tkt demamJjur sy lihat anknya sedih bgttt,, lemess,, gk bisa nyusu Lihat Lebih Sedikit Sharing aja ya bun Tolong jgn dibully Jdi bayi saya 7bulan kena campak, dr hari jumat masuk RS, hari senin baru ketahuan kalo bagiku kena campak akhirnya di isolasi Di ruang isolasi, ad 3 anak yg sakit cmpak Yg 1nya itu dipasang oksigen, di kasih selang dr hidung buat num susu Krna sesak berat akhirnya mau dipindahkan k PICU Saya tnya bun, anknya sakit apa, mamanya diam aja Neneknya jawab, ini kena campak ini sesak mkanya dipasang oksigen Owh,, saya jawab mang gk di imunisasi Gk,, mamanya tkt demam Jjur sy lihat anknya sedih bgttt,, lemess,, gk bisa nyusu Lihat Lebih Sedikit","https://www.facebook.com/groups/759878459543655/",0,0,13,-1,"NaN"
84,"Diskusi dan Sharing Seputar Bayi  · Gabung","unknown","Bun suntik campak itu harus banget apa enggak yaa,,bingungg saya soalnya kmaren2 banyak sliweran pro kontra nya","https://www.facebook.com/groups/759878459543655/",0,0,6,-1,"NaN"
85,"Diskusi dan Sharing Seputar Bayi  · Gabung","unknown","Semoga bermanfaat perbedaan cacar, campak dan gabagen✓Cacar air, campak, dan gabagen (istilah lain campak) berbeda pada penyebab, jenis ruam, dan gejala awalnya.1.  Cacar (air) disebabkan virus Varicella zoster berupa bintil berair yang gatal. 2. Campak/gabagen disebabkan Paramyxovirus dengan ruam merah datar yang tidak gatal, diawali demam tinggi, batuk, dan mata merah. ## Berikut adalah tabel perbedaan mendetail antara cacar air dan campak (gabagen): a. Jenis penyakit= Cacar Air (Chickenpox)         -Penyebab = Virus Varicella zoster-Bentuk = Ruam Bintil merah berisi cairan (lenting/lepuh)-Gatal = Sangat gatal-Gejala Awal = Demam ringan, pusing, lemas-Penyebaran = Bintil menyebar dari dada/wajah ke seluruh tubuh, bisa ada di mulut -Durasi  = 5-10 hari (menjadi keropeng)-Penanganan = Antivirus, losion kalamin/antihistamin (untuk gatal)b. Jenis penyakit= Campak / Gabagen (Measles)- penyebab=  Paramyxovirus / Morbillivirus - Bentuk= Bercak merah datar (ruam makulopapular)- gatal= Umumnya tidak gatal, terasa panas - gejala awal= Demam tinggi, batuk, pilek, mata merah/meradang- penyebaran= Dimulai dari belakang telinga/wajah, turun ke badan, tangan, dan kaki -Durasi = 7-14 hari (ruam menetap lalu menghitam/mengelupas)- penanganan=  Pereda demam, vitamin A, istirahat, banyak minumPoin Penting:_Gabagen adalah sebutan lokal untuk campak (tampek) yang disebabkan virus, berbeda dengan cacar air._Keduanya menular, namun 1. campak lebih mudah menular melalui udara (batuk/bersin), sedangkan 2. cacar melalui kontak langsung dengan cairan bintil atau liur.Vaksinasi (MMR untuk campak, Varicella untuk cacar) adalah pencegahan terbaik. Lihat Lebih Sedikit Semoga bermanfaat perbedaan cacar, campak dan gabagen ✓Cacar air, campak, dan gabagen (istilah lain campak) berbeda pada penyebab, jenis ruam, dan gejala awalnya. 1.  Cacar (air) disebabkan virus Varicella zoster berupa bintil berair yang gatal. 2. Campak/gabagen disebabkan Paramyxovirus dengan ruam merah datar yang tidak gatal, d","https://www.facebook.com/groups/759878459543655/",9,0,1,-1,"NaN"
86,"Diskusi dan Sharing Seputar Bayi  · Gabung","bun mau tanya kalo DPT lanjutan sama campak lanjutan batas nya sampe umur berapa yah ?? apa cuma sampe 2 tahun saja ato bisa lebih bun ?? soalnya anakku kemarin pas 18 bulan ga di suntik krna masih sakit..","bun mau tanya kalo DPT lanjutan sama campak lanjutan batas nya sampe umur berapa yah ?? apa cuma sampe 2 tahun saja ato bisa lebih bun ?? soalnya anakku kemarin pas 18 bulan ga di suntik krna masih sakit.. bun mau tanya kalo DPT lanjutan sama campak lanjutan batas nya sampe umur berapa yah ?? apa cuma sampe 2 tahun saja ato bisa lebih bun ?? soalnya anakku kemarin pas 18 bulan ga di suntik krna masih sakit..","https://www.facebook.com/groups/759878459543655/",0,0,0,-1,"NaN"
87,"Diskusi dan Sharing Seputar Bayi  · Gabung","unknown","Apakah imunisasi campak bikin demam bun","https://www.facebook.com/groups/759878459543655/",0,0,12,-1,"NaN"
88,"Diskusi dan Sharing Seputar Bayi  · Gabung","unknown","Mau bertnya bunda bunda imunisasi campak yg 9 bulan bikin demam engak ya dan yg si suntik bagian apa aja","https://www.facebook.com/groups/759878459543655/",0,0,4,-1,"NaN"
89,"Diskusi dan Sharing Seputar Bayi  · Gabung","unknown","bunda disini yg udah imunisasi campak? efeknya panas ngga ya? katanya ada yg muncul ruam setelah imunisasi campak itu benar ngga ya","https://www.facebook.com/groups/759878459543655/",0,0,10,-1,"NaN"
90,"Diskusi dan Sharing Seputar Bayi  · Gabung","unknown","Assalamualaikum bunda bundaAnak ku sekarang mau 11 bulan, tapi blum imunisasi campak, apa bisa nyusul bund d umur sekarang ??? Soal nya setiap kali mau imunisasi anak nya lagi kurang enak badan ...","https://www.facebook.com/groups/759878459543655/",0,0,3,-1,"NaN"
91,"Diskusi dan Sharing Seputar Bayi  · Gabung","unknown","bun ada g d sini anaknya yg ga d vaksin?tad say dei posyndu timbang saja trus pas mau d subtik dpt 1 saya nanya itu vaksin dpt1? eh mau d auntik ke anak saya g d kasih alcohol dulu saya nanya mana alcohol nya kasi dulu.ktnya g ad habis alcohol nya. saya jawab g ah jangan d auntik klw g d kasih alcohol. bun ada g d sini anaknya yg ga d vaksin? tad say dei posyndu timbang saja trus pas mau d subtik dpt 1 saya nanya itu vaksin dpt1? eh mau d auntik ke anak saya g d kasih alcohol dulu saya nanya mana alcohol nya kasi dulu. ktnya g ad habis alcohol nya. saya jawab g ah jangan d auntik klw g d kasih alcohol.","https://www.facebook.com/groups/759878459543655/",0,0,21,-1,"NaN"
92,"Diskusi dan Sharing Seputar Bayi  · Gabung","Bun, kemarin anakku imunisasi ipv 2,anakku pilek tapi kata bidan kalau pilek saja nggak papa buat imunisasi pokok nggak ada demam, akhirnya di imunisasi, sampai rumah langsung ganti baju, minum sanmol drop 0.6ml tapi sore sampai sekarang panas masih di angka 38-39.masih dalam batas wajar atau harus ke dokter bun?","Bun, kemarin anakku imunisasi ipv 2,anakku pilek tapi kata bidan kalau pilek saja nggak papa buat imunisasi pokok nggak ada demam, akhirnya di imunisasi, sampai rumah langsung ganti baju, minum sanmol drop 0.6ml tapi sore sampai sekarang panas masih di angka 38-39.masih dalam batas wajar atau harus ke dokter bun? Bun, kemarin anakku imunisasi ipv 2, anakku pilek tapi kata bidan kalau pilek saja nggak papa buat imunisasi pokok nggak ada demam, akhirnya di imunisasi, sampai rumah langsung ganti baju, minum sanmol drop 0.6ml tapi sore sampai sekarang panas masih di angka 38-39. masih dalam batas wajar atau harus ke dokter bun?","https://www.facebook.com/groups/759878459543655/",0,0,4,-1,"NaN"
93,"Diskusi dan Sharing Seputar Bayi  · Gabung","unknown","Bun di sini ada yang dedenya habis imunisasi DPT 3 GK Bun.Habis imunisasi ada panas GK bun. Anakku hari ini dpt 3..  sebelumnya dpt 1 Sama dpt 2 ada panas. Tapi panasnya tengah malam.Semoga nanti malam Dede gak panas kayak pas dpt 1 dan 2 Bun di sini ada yang dedenya habis imunisasi DPT 3 GK Bun. Habis imunisasi ada panas GK bun. Anakku hari ini dpt 3..  sebelumnya dpt 1 Sama dpt 2 ada panas. Tapi panasnya tengah malam. Semoga nanti malam Dede gak panas kayak pas dpt 1 dan 2","https://www.facebook.com/groups/759878459543655/",0,0,0,-1,"NaN"
94,"Diskusi dan Sharing Seputar Bayi  · Gabung","unknown","Izin bertanya bunda-bunda, saya newmom, imunisasi bcg bisa bikin demam gak ya bun?","https://www.facebook.com/groups/759878459543655/",0,0,2,-1,"NaN"
95,"Diskusi dan Sharing Seputar Bayi  · Gabung","unknown","Mau tanya Bun imunisasi yang 18 bulan efeknya bikin demam ga ya bun?","https://www.facebook.com/groups/759878459543655/",0,0,1,-1,"NaN"
96,"Diskusi dan Sharing Seputar Bayi  · Gabung","unknown","Anakku abis imunisasi dpt 1 demam + rewel dan aku hampir ajj bikin anakku berhenti bernafas karena keteledoran aku , minta saran bun biar ga rewel","https://www.facebook.com/groups/759878459543655/",0,0,10,-1,"NaN"
97,"Diskusi dan Sharing Seputar Bayi  · Gabung","unknown","ibu ibu mau tanya, kebetulan Sabtu kmaren anak saya imunisasi di posyandu, nahh tbtb harus di imunisasi, dan ku kira bakal di imunisasi pcv  yang buat usia 12 bulan ,ternyata imunisasi dpt lanjutan buat usia 18 bulan ,bahaya ga ya Bu anak saya baru 13 bulan, pas udah disuntik langsung Panass 2 hari kemudian sembuhh terus skrg sakitt lagi dan bekas suntikan nya masih bengkak banget","https://www.facebook.com/groups/759878459543655/",0,0,25,-1,"NaN"
98,"Diskusi dan Sharing Seputar Bayi  · Gabung","unknown","yg full imunisasi jangan mau yh berteman sama anak yg gk imunisasi, takutnya kena penyakit,,","https://www.facebook.com/groups/759878459543655/",0,0,44,-1,"NaN"
99,"Diskusi dan Sharing Seputar Bayi  · Gabung","unknown","Bun gimana ya caranya imunisasi DPT pada anak biar ngak demam apa imunisasi ke dokter aja ya kata teman2 aku kalo di posyandu kebanyakan anak nya demam klar imunisasi tapi kalo ke dokter ngak apa itu benar trus bayar nya brpa kira2 bunda2 yang Uda perna imunisasi DPT ke dokter","https://www.facebook.com/groups/759878459543655/",0,0,12,-1,"NaN"
100,"Diskusi dan Sharing Seputar Bayi  · Gabung","Bunda,kemarin anak saya sehabis imunisasi rotavirus,trs demam saya kasih tempra,sudah mendingan cuma setelah 1hari bab terus menerus itu kenapa ya bun,ada yang sama ngga,Bab trs cuma anak nya aktif bgt lemes nya kemarin sehabis imunisasi rotavirus aja.. gimana ya Bun","Bunda,kemarin anak saya sehabis imunisasi rotavirus,trs demam saya kasih tempra,sudah mendingan cuma setelah 1hari bab terus menerus itu kenapa ya bun,ada yang sama ngga,Bab trs cuma anak nya aktif bgt lemes nya kemarin sehabis imunisasi rotavirus aja.. gimana ya Bun","https://www.facebook.com/groups/759878459543655/",0,0,3,-1,"NaN"
101,"Diskusi dan Sharing Seputar Bayi  · Gabung","unknown","Bunda2 jgn dibully ya ...Mau tny Klian Tim yg imunisasi anak atau gak ya ,,,,aku bulan depan mau imunisasi si kecil untuk yg kedua ,,,dgn tanggapan yg soal imunisasi dpt yg kata ny bikin anak demam aku jadi bingung,,,tolong kasih saran ny bunda ,,, Bunda2 jgn dibully ya ... Mau tny Klian Tim yg imunisasi anak atau gak ya ,,,,aku bulan depan mau imunisasi si kecil untuk yg kedua ,,,dgn tanggapan yg soal imunisasi dpt yg kata ny bikin anak demam aku jadi bingung,,,tolong kasih saran ny bunda ,,,","https://www.facebook.com/groups/759878459543655/",0,0,7,-1,"NaN"
102,"Diskusi dan Sharing Seputar Bayi  · Gabung","unknown","imunisasi yang bikin demam selain dpt apa ya? atau hanya dpt aja?","https://www.facebook.com/groups/759878459543655/",0,0,21,-1,"NaN"
103,"Diskusi dan Sharing Seputar Bayi  · Gabung","unknown","Kepikiran besok mau imunisasiDPT 1,apakah panas bund,dan persiapanya apa sehabis disuntik,biar gak rewel,mksh Kepikiran besok mau imunisasi DPT 1,apakah panas bund,dan persiapanya apa sehabis disuntik,biar gak rewel,mksh","https://www.facebook.com/groups/759878459543655/",0,0,3,-1,"NaN"
104,"Diskusi dan Sharing Seputar Bayi  · Gabung","unknown","Mau nanya Bun,apakah imunisasi pcv 3 itu buat demam??","https://www.facebook.com/groups/759878459543655/",0,0,6,-1,"NaN"
105,"Diskusi dan Sharing Seputar Bayi  · Gabung","unknown","Habis imunisasi dpt 1Habis imunisasi dpt 1 ,ini di kasih apa ya biar bengkak kunjung hilang kemaren udah dikompres air dingin kaki satunya gak bengkak, tolong kasih saran bunda2","https://www.facebook.com/groups/759878459543655/",0,0,19,-1,"NaN"
106,"Diskusi dan Sharing Seputar Bayi  · Gabung","Halo buibu anti vaksin, kalian kira kami ibu-ibu yang merelakan vaksin untuk anak gak kerepotan kah? Kami juga repot, gak tega juga anak disuntik, tapi demi kesehatan anak, kami rela anak kami diimunisasi. Kalian para ibu egois, mikir gak kalau anak kalian gak diimunisasi apa dampaknya untuk anak kalian nanti dan anak-anak lain yang sudah diimunisasi? Tau gak Indonesia lama bebas POLIO lalu kemarin malah KLB POLIO???YAA KARNA KALIAN PARA IBU EGOIS ANTI VAKSIN! Bilangnya kasian sama anak padahal kalian yang gak mau repot urus anak demam dan rewel.Nih tips untuk ibu-ibu baru yang galau anaknya harus vaksin atau enggak:1. Pastikan anaknya BENAR-BENAR SEHAT2. Habis vaksin, tempel bye-bye fever di bekas suntikan dan oleskan thrombogel di sekitar bekas suntikan 3. Beri ASI/susu sesering mungkin4. Kalau anak demam mulai 37°, beri sanmol drop/tempra drop tiap 6 jam sekali, jangan tunggu anak demam tinggi5. skin to skinYang ANTI VAKSIN, usahaian anaknya kumpulnya sama anak-anak yang gak vaksin juga. Biar tau gimana dampaknya. Lihat Lebih Sedikit","Halo buibu anti vaksin, kalian kira kami ibu-ibu yang merelakan vaksin untuk anak gak kerepotan kah? Kami juga repot, gak tega juga anak disuntik, tapi demi kesehatan anak, kami rela anak kami diimunisasi. Kalian para ibu egois, mikir gak kalau anak kalian gak diimunisasi apa dampaknya untuk anak kalian nanti dan anak-anak lain yang sudah diimunisasi? Tau gak Indonesia lama bebas POLIO lalu kemarin malah KLB POLIO???YAA KARNA KALIAN PARA IBU EGOIS ANTI VAKSIN! Bilangnya kasian sama anak padahal kalian yang gak mau repot urus anak demam dan rewel.Nih tips untuk ibu-ibu baru yang galau anaknya harus vaksin atau enggak:1. Pastikan anaknya BENAR-BENAR SEHAT2. Habis vaksin, tempel bye-bye fever di bekas suntikan dan oleskan thrombogel di sekitar bekas suntikan 3. Beri ASI/susu sesering mungkin4. Kalau anak demam mulai 37°, beri sanmol drop/tempra drop tiap 6 jam sekali, jangan tunggu anak demam tinggi5. skin to skinYang ANTI VAKSIN, usahaian anaknya kumpulnya sama anak-anak yang gak vaksin juga. Biar tau gimana dampaknya. Lihat Lebih Sedikit Halo buibu anti vaksin, kalian kira kami ibu-ibu yang merelakan vaksin untuk anak gak kerepotan kah? Kami juga repot, gak tega juga anak disuntik, tapi demi kesehatan anak, kami rela anak kami diimunisasi. Kalian para ibu egois, mikir gak kalau anak kalian gak diimunisasi apa dampaknya untuk anak kalian nanti dan anak-anak lain yang sudah diimunisasi? Tau gak Indonesia lama bebas POLIO lalu kemarin malah KLB POLIO??? YAA KARNA KALIAN PARA IBU EGOIS ANTI VAKSIN! Bilangnya kasian sama anak padahal kalian yang gak mau repot urus anak demam dan rewel. Nih tips untuk ibu-ibu baru yang galau anaknya harus vaksin atau enggak: 1. Pastikan anaknya BENAR-BENAR SEHAT 2. Habis vaksin, tempel bye-bye fever di bekas suntikan dan oleskan thrombogel di sekitar bekas suntikan 3. Beri ASI/susu sesering mungkin 4. Kalau anak demam mulai 37°, beri sanmol drop/tempra drop tiap 6 jam sekali, jangan tunggu anak demam tinggi 5. skin to skin Yang ANTI VAKSIN","https://www.facebook.com/groups/759878459543655/",0,0,21,-1,"NaN"
107,"Diskusi dan Sharing Seputar Bayi  · Gabung","Suntik BCG di usia 2 bulan,,, Baru sekarang di usia 4 bulan tangan bekas suntikan nya keluar nanah kaya bisul kecil. .. Terus kering gitu ... Harus di apain iniApa suntik nya bershasil..??  Soalnya anak pertama aku anti vaksin.. Jadi kurang paham per imunisasian.. Sekarang juga baby az 4 bulan belum suntik DPT 1 yang harusnya di jadwalkan usia 2 bulan.. Karena kemarin2 lagi batuk.. #familystory#motherlife#parenting#imunisasi#busui Lihat Lebih Sedikit","Suntik BCG di usia 2 bulan,,, Baru sekarang di usia 4 bulan tangan bekas suntikan nya keluar nanah kaya bisul kecil. .. Terus kering gitu ... Harus di apain iniApa suntik nya bershasil..??  Soalnya anak pertama aku anti vaksin.. Jadi kurang paham per imunisasian.. Sekarang juga baby az 4 bulan belum suntik DPT 1 yang harusnya di jadwalkan usia 2 bulan.. Karena kemarin2 lagi batuk.. #familystory#motherlife#parenting#imunisasi#busui Lihat Lebih Sedikit Suntik BCG di usia 2 bulan,,, Baru sekarang di usia 4 bulan tangan bekas suntikan nya keluar nanah kaya bisul kecil. .. Terus kering gitu ... Harus di apain ini Apa suntik nya bershasil..?? Soalnya anak pertama aku anti vaksin.. Jadi kurang paham per imunisasian.. Sekarang juga baby az 4 bulan belum suntik DPT 1 yang harusnya di jadwalkan usia 2 bulan.. Karena kemarin2 lagi batuk.. #familystory #motherlife #parenting #imunisasi #busui Lihat Lebih Sedikit","https://www.facebook.com/groups/759878459543655/",0,0,14,-1,"NaN"
108,"Diskusi dan Sharing Seputar Bayi  · Gabung","unknown","Dulu waktu beredar imunisasi haram aku berniat anak ke 2 gak imunisasi sama sekali. Tapi setelah lahiran anak ke 2 tetap imunisasi lengkap juga, sebagai orang tua di niatkan ikhtiar demi kesehatan anak bismillah. Alhamdulillah 3 anak imunisasi lengkap semuanya lancar, tanpa bengkak ataupun bernanah demam cuma sehari, pastikan setiap anak mau imunisasi dalam keadaan sehat.Kalau di bilang imunisasi kok masih sakit""an itu kuasa Allah tapi walaupun anak saya sering batuk pernah di rawat diagnosa bronkitis bronkopneumonia, pernah kejang, tapi semua gak sampai parah. Tapi kembali masing-masing pilihan orang tua yg pasti ingin yg terbaik buat anaknya. Karena daya tahan tubuh anak berbeda-beda.Saya gak pernah menghakimi pilihan orang tua yg gak imunisasi kan anaknya, karena saya juga punya kerabat dari lahir sehat tapi semenjak imunisasi pertumbuhannya lambat. Entah sebenarnya salahnya dimana. Kasus"" kayak gini yg kadang bikin orang tua anti vaksin. Lihat Lebih Sedikit Dulu waktu beredar imunisasi haram aku berniat anak ke 2 gak imunisasi sama sekali. Tapi setelah lahiran anak ke 2 tetap imunisasi lengkap juga, sebagai orang tua di niatkan ikhtiar demi kesehatan anak bismillah. Alhamdulillah 3 anak imunisasi lengkap semuanya lancar, tanpa bengkak ataupun bernanah demam cuma sehari, pastikan setiap anak mau imunisasi dalam keadaan sehat. Kalau di bilang imunisasi kok masih sakit""an itu kuasa Allah tapi walaupun anak saya sering batuk pernah di rawat diagnosa bronkitis bronkopneumonia, pernah kejang, tapi semua gak sampai parah. Tapi kembali masing-masing pilihan orang tua yg pasti ingin yg terbaik buat anaknya. Karena daya tahan tubuh anak berbeda-beda. Saya gak pernah menghakimi pilihan orang tua yg gak imunisasi kan anaknya, karena saya juga punya kerabat dari lahir sehat tapi semenjak imunisasi pertumbuhannya lambat. Entah sebenarnya salahnya dimana. Kasus"" kayak gini yg kadang bikin orang tua anti vaksin. Lihat Lebih Sedikit","https://www.facebook.com/groups/759878459543655/",0,0,13,-1,"NaN"
109,"Foster and Adoptive Parents Support Group  · Gabung","unknown","Anti-Vax Bio I’m a foster parent to an almost 1 year old and their parent is newly anti-vax. I’m really worried about measles coming to my area and our foster child not being protected… Social worker says there is nothing anyone can do. Has anyone been in the same position? EDIT: I’m not asking for suggestions on how to go against the wishes of the parents. I’m looking for emotional support on how to keep enthusiastically supporting parents that I personally feel are causing harm. If you disagree, no disrespect but I’m not looking for a response from you.","https://www.facebook.com/groups/172612776096960/",1,0,12,-1,"NaN"
110,"ADOPSI KUCING SOLO DAN SEKITARNYA","unknown","Sedikit Bantuan untuk Ciko SembuhHalo semuanya, saat ini kucing saya, Ciko, sedang berjuang melawan virus dan harus menjalani rawat inap di Amigos Animal Care.Ciko saat ini sedang berada dalam masa kritis karena memang belum sempat mendapatkan vaksinasi, sehingga sistem imunnya sangat lemah dalam melawan serangan virus ini. Kondisinya saat ini lemas total dan tidak mau makan, sehingga sangat bergantung pada penanganan medis di klinik.Setelah konsultasi dengan dokter, estimasi biaya yang dibutuhkan adalah:Hari Pertama: Rp200.000 (DP & Penanganan Awal)Hari Berikutnya: ±Rp100.000/hariEstimasi Rawat: 3-5 hari ke depan.Total Kebutuhan: Sekitar Rp400.000 - Rp600.000.Karena keterbatasan biaya, saya berharap teman-teman berkenan membantu Ciko agar ia bisa mendapatkan pengobatan sampai tuntas dan sehat kembali. Berapapun donasi kalian, sangat membantu untuk biaya harian Ciko di klinik.Saluran Donasi:Bank BRI: 209701008658501E-Wallet: 081225959299Atas Nama: YUSUP AFIFUR ROHMANMohon bantuannya juga untuk menyebarkan informasi ini. Terima kasih banyak atas doa, bantuan, dan dukungan teman-teman semua untuk Ciko.","https://www.facebook.com/groups/273405435676711/",0,0,5,-1,"NaN"
111,"Diskusi dan Sharing Seputar Bayi  · Gabung","unknown","Perbedaan Campak dan Rubella #campak #rubella #imunisasi #bayi #balitw Lihat Lebih Sedikit Perbedaan Campak dan Rubella #campak #rubella #imunisasi #bayi #balitw Lihat Lebih Sedikit","https://www.facebook.com/groups/759878459543655/",101,0,0,-1,"NaN"
112,"Diskusi dan Sharing Seputar Bayi  · Gabung","unknown","DPT 1,2,3vaksin untuk tahap 1, 2, dan 3 sebenarnya sama. Berikut adalah ringkasan informasi penting dari gambar tersebut:Tujuan Vaksin Sama: Ketiga tahapan vaksin berfungsi melindungi bayi dari penyakit Difteri, Pertusis (batuk rejan), dan Tetanus. Reaksi Tubuh Berbeda: Reaksi tubuh bisa lebih kuat pada vaksin ke-3 karena sistem imun bayi sudah mengenali vaksin sebelumnya. Faktor Kondisi Bayi: Efek samping seperti demam atau rewel dapat lebih terasa jika bayi sedang lelah, kurang tidur, atau tumbuh gigi. Penanganan di Rumah: Ibu disarankan melakukan kompres hangat di area suntikan dan memberikan ASI lebih sering. Disclaimer: Informasi ini hanya edukasi dan tidak menggantikan saran medis profesional. Jika bayi mengalami reaksi serius setelah imunisasi, segera hubungi dokter atau fasilitas kesehatan terdekat.#ImunisasiAnak #VaksinAnak #JadwalVaksinasi #ImunisasiLengkap #DPTTanpaDemam #VaksinDPT #BayiDemam #TipsParenting #CegahDifteri #BatukRejan #Tetanus Lihat Lebih Sedikit DPT 1,2,3 vaksin untuk tahap 1, 2, dan 3 sebenarnya sama. Berikut adalah ringkasan informasi penting dari gambar tersebut: Tujuan Vaksin Sama: Ketiga tahapan vaksin berfungsi melindungi bayi dari penyakit Difteri, Pertusis (batuk rejan), dan Tetanus. Reaksi Tubuh Berbeda: Reaksi tubuh bisa lebih kuat pada vaksin ke-3 karena sistem imun bayi sudah mengenali vaksin sebelumnya. Faktor Kondisi Bayi: Efek samping seperti demam atau rewel dapat lebih terasa jika bayi sedang lelah, kurang tidur, atau tumbuh gigi. Penanganan di Rumah: Ibu disarankan melakukan kompres hangat di area suntikan dan memberikan ASI lebih sering. Disclaimer: Informasi ini hanya edukasi dan tidak menggantikan saran medis profesional. Jika bayi mengalami reaksi serius setelah imunisasi, segera hubungi dokter atau fasilitas kesehatan terdekat. #ImunisasiAnak #VaksinAnak #JadwalVaksinasi #ImunisasiLengkap #DPTTanpaDemam #VaksinDPT #BayiDemam #TipsParenting #CegahDifteri #BatukRejan #Tetanus Lihat Lebih Sedikit","https://www.facebook.com/groups/759878459543655/",2039,0,0,-1,"NaN"
113,"Sukabumi Grup Jual Butuh  · Gabung","unknown","+62 816-1111-182 *penjual vaksin palsu* (memberikan contoh vaksin dengan yg asli, untuk menipu costumer, supaya dikira yang dia jual adalah vaksin asli, padahal vaksin palsu) *nama* : (abu ahmad) muhammad syarifuddin nur tholib/ *syarief nur tholib* *asal* : jombang sudah 1 bulan tidak ada itikad baik. Lihat Lebih Sedikit","https://www.facebook.com/groups/336307636538111/",4,0,1,-1,"NaN"
114,"Diskusi dan Sharing Seputar Bayi  · Gabung","unknown","Hai teman"".. salam kenal yah semoga kita semua sehat dlm lindungan Allah.. perkenalan nama q ""Bivaira"" . Makasih ya Tante"" udh sering berbagi pengalaman sama mamah aku.. jd nya mamah q dpt banyak ilmu digrup ini hihi.. foto pertama saat usiaku 8 bulan q pake rambut palsu hihihi foto kedua, disaat usia q 9 bulan difoto ini q habis vaksin campak tp langsung mainan loh hehe..difoto ketiga, itulah kokoh dan mamah aku mau eksis juga nih hehe.. oiya,jgn lupa vaksin ya temen"" online ku .. salam dari Samarinda, Kalimatan Timur Lihat Lebih Sedikit","https://www.facebook.com/groups/759878459543655/",0,0,15,-1,"NaN"
115,"Jarno Ben 17 minggu yang lalu","17 minggu","Tenan ora to kui","https://www.facebook.com/groups/1349434769246694/",0,0,0,-1,"https://www.facebook.com/groups/1349434769246694/"
116,"Neng Aloy 17 minggu yang lalu","17 minggu","Siang jg","https://www.facebook.com/groups/1349434769246694/",0,0,0,-1,"https://www.facebook.com/groups/1349434769246694/"
117,"Chika Anggana 17 minggu yang lalu","17 minggu","Loh iyo best apakah di krikiti tikus,,,,yuhuuu","https://www.facebook.com/groups/1349434769246694/",0,0,0,-1,"https://www.facebook.com/groups/1349434769246694/"
118,"Lestariagustinaa 16 jam yang lalu","16 jam","Anak pertamaku 6bulan udh air dingin sehat sehat aja, beda sama anak keduaku dimandiin air dingin langsung batuk pilek, kondisi anak beda beda yaa","https://www.facebook.com/groups/759878459543655/",0,0,0,-1,"https://www.facebook.com/groups/759878459543655/"
119,"Martina Rahayuning 16 jam yang lalu","16 jam","apa cm anakqu yg gx prnh mandi air dingin smp yg gede yg tua ,. air dingin kalo berenang aja","https://www.facebook.com/groups/759878459543655/",0,0,0,-1,"https://www.facebook.com/groups/759878459543655/"
120,"Divya Lorenza 16 jam yang lalu","16 jam","Aku gabisa pke gendongan kain jarik itu","https://www.facebook.com/groups/759878459543655/",0,0,0,-1,"https://www.facebook.com/groups/759878459543655/"
121,"Li Li 4 jam yang lalu","4 jam","Anakku barengan tumbuh gigi dan jalan","https://www.facebook.com/groups/759878459543655/",0,0,0,-1,"https://www.facebook.com/groups/759878459543655/"
122,"Ovie 6 jam yang lalu","6 jam","Ankku tumgi umur 8bbln... alhmdulillah lancar jln GK lama2 bgt,,diusia 13 bln..jln da lancar no jatoh2 ..","https://www.facebook.com/groups/759878459543655/",0,0,0,-1,"https://www.facebook.com/groups/759878459543655/"
123,"Tika Dan Galang 43 menit lalu","43 menit","Sempeet di Poto yaah kaaa","https://www.facebook.com/groups/759878459543655/",0,0,0,-1,"https://www.facebook.com/groups/759878459543655/"
124,"Nur Inda 24 menit lalu","24 menit","Make baby Walker harus selalu dalam pandangan kita bund jangan sampai tidak terlihat oleh mata","https://www.facebook.com/groups/759878459543655/",0,0,0,-1,"https://www.facebook.com/groups/759878459543655/"
125,"BrilliantElephant4082 29 menit lalu","29 menit","Kurva kenaikannya gimana bun? Kadang kadang di indonesia ada tenaga medis yang targetnya terlalu tinggi memang ga tau kenapa Kalau kurva nya naik terus dan di garis hijau, aku rasa ga perlu dibuat stress bun.. Diupayakan tp jangan sampe stress nanti malah ngaruh ke asi","https://www.facebook.com/groups/759878459543655/",0,0,0,-1,"https://www.facebook.com/groups/759878459543655/"
126,"Mamahnya Azril Mamahnya Azril 31 menit lalu","31 menit","Sma ky anakku 4 bln bb nya 7,5","https://www.facebook.com/groups/759878459543655/",0,0,0,-1,"https://www.facebook.com/groups/759878459543655/"
127,"PositiveWallaby1820 19 menit lalu","19 menit","Yes siblings can be adopted separately but if at all possible they should be kept together and agencies should be doing everything they can to place siblings together first. Obviously that doesn’t always work out but if it doesn’t then maintaining that sibling bond should be a priority. Our daughter has two older brothers we try to keep in contact with but we were unable to handle all 3 of their needs together. They’ve never all lived together and the boys are in a long term stable placement who wouldn’t agree to take our daughter. I have so much guilt over not being able to care for all 3, but it does no good to put kids in a situation you already know won’t work (they all have multiple diagnosis, therapies, and needs and I work full-time, am in grad school, and my husband is away for the military often). You could always ask for an exception to your license to keep siblings together. That’s common especially in large sibling groups you just have to be weary of age/gender and room sharing rules.","https://www.facebook.com/groups/172612776096960/",0,0,0,-1,"https://www.facebook.com/groups/172612776096960/"
128,"Paula Lewis Bray 20 menit lalu","21 menit","We are licensed for 2 and have gotten our licensor to approve for a 3rd we just had to get bunk beds they were all female","https://www.facebook.com/groups/172612776096960/",0,0,0,-1,"https://www.facebook.com/groups/172612776096960/"
