index,account,postdate,tweet,link,topic_tag,comments,retweets,likes,shares,replysource
1,ayukhoerunnisaistiqomah,2025-10-06T01:45:39.000Z,"Boleh nangis kan? Sudah 3 hari aku nemenin anakku di ruang isolasi karna campak.  Campaknya sudah komplikasi ke paru, berharap besok pulang tapi ternyata dokter bilang kemungkinan masih lama. YaAllah... rasanya lelah banget😭😭  Translate 1/2 Boleh nangis kan? Sudah 3 hari aku nemenin anakku di ruang isolasi karna campak.  Campaknya sudah komplikasi ke paru, berharap besok pulang tapi ternyata dokter bilang kemungkinan masih lama. YaAllah... rasanya lelah banget😭😭",https://www.threads.com/@ayukhoerunnisaistiqomah/post/DPcygQ1E0OE,"",67,0,1400,0,NaN
2,ceritatika25,2025-12-15T04:37:46.000Z,"Anakku panas naik turun udh 4hari Aku bawa ke puskesmas sabtu kemarin dan hasil labnya kemungkinan campak, Tapi sampe hari ini masih demam, paracetamolnya sampe udh habis blm juga turun. Wajar ga sih kalo campak apa panasnya berhari2 gini? 🥲 Aku mau bawa lagi ajaaa ga tega liatnya 1/2 Anakku panas naik turun udh 4hari Aku bawa ke puskesmas sabtu kemarin dan hasil labnya kemungkinan campak, Tapi sampe hari ini masih demam, paracetamolnya sampe udh habis blm juga turun. Wajar ga sih kalo campak apa panasnya berhari2 gini? 🥲 Aku mau bawa lagi ajaaa ga tega liatnya",https://www.threads.com/@ceritatika25/post/DSRV2F6j6O6,"",0,0,0,0,NaN
3,trecyhs,2025-04-23T09:51:22.000Z,"Disini ada ga yang pasien campak guys? Trs ada gak yang sembuh nya tuh luamaaa dehhhh sakit2 persendiannya. Butuh bgt pencerahannya nih. Mau berobat lg mager bgt. Konon ktnya ini akan sembuh sendiri. Obatnya cm vitamin. Disini ada ga yang pasien campak guys? Trs ada gak yang sembuh nya tuh luamaaa dehhhh sakit2 persendiannya. Butuh bgt pencerahannya nih. Mau berobat lg mager bgt. Konon ktnya ini akan sembuh sendiri. Obatnya cm vitamin. Ini foto pas kmrn lg sakitt campak. Cerita detailsnya ada di thread ak sebelumnya. Boleh dibaca guys. Barangkali ada yg sama. Bisa sharing2🙏🥺  Translate Ini foto pas kmrn lg sakitt campak. Cerita detailsnya ada di thread ak sebelumnya. Boleh dibaca guys. Barangkali ada yg sama. Bisa sharing2🙏🥺",https://www.threads.com/@trecyhs/post/DIyOIeJy7SC,"",0,0,0,0,NaN
4,nabidz_biotech,2025-11-11T14:18:44.000Z,"Semua anakku dapat jatah kena campak..  Alhamdulillah udah lewat fase inkubasi virusnya Strain 4800 langsung ku naikkan 5800 fase 24 jam langsung virusnya layu. Semua anakku dapat jatah kena campak..  Alhamdulillah udah lewat fase inkubasi virusnya Strain 4800 langsung ku naikkan 5800 fase 24 jam langsung virusnya layu. Konsep kerja probiotik memperbaiki pencernaan 12-24 jam apabila ada strain bukan probiotik level preventif seperti yoghurt , yakult dll ga bisa untuk represif. Konsep kerja probiotik memperbaiki pencernaan 12-24 jam apabila ada strain bukan probiotik level preventif seperti yoghurt , yakult dll ga bisa untuk represif. Selama virus patogen dll masih bisa ku handle tanpa obat obatan kimia. Kecuali malaikat izroil yg datang saya ga bisa berbuat apa2. XD  Translate Selama virus patogen dll masih bisa ku handle tanpa obat obatan kimia. Kecuali malaikat izroil yg datang saya ga bisa berbuat apa2. XD",https://www.threads.com/@nabidz_biotech/post/DQ61TgpEkPa,"",0,0,0,0,NaN
5,halodoc,2025-11-30T10:26:58.000Z,"halodocVerified 🚨 BREAKING NEWS: KASUS CAMPAK MELONJAK, BAYI & ANAK PALING TERDAMPAK! 🚨 BREAKING NEWS: KASUS CAMPAK MELONJAK, BAYI & ANAK PALING TERDAMPAK! Kasus campak kembali meningkat dan penularannya sangat cepat, terutama pada bayi dan anak yang belum mendapat vaksin. Virus campak ini bisa bertahan hingga 2 jam di udara sehingga campak termasuk salah satu penyakit paling menular.  Translate 1/3 Kasus campak kembali meningkat dan penularannya sangat cepat, terutama pada bayi dan anak yang belum mendapat vaksin. Virus campak ini bisa bertahan hingga 2 jam di udara sehingga campak termasuk salah satu penyakit paling menular.",https://www.threads.com/@halodoc/post/DRrV4odkntc,"",0,0,0,0,NaN
6,dwndri7,2025-11-29T09:10:23.000Z,"Ada yg lg suka camping juga ga, yuk mutualan🥰 1/2 Ada yg lg suka camping juga ga, yuk mutualan🥰",https://www.threads.com/@dwndri7/post/DRooU2NCd8f,"camping",0,0,0,0,NaN
7,folkkonoha,2025-02-23T16:04:57.000Z,"folkkonohaVerified Ya lagian sih ahh 😭 Ya lagian sih ahh 😭 🎥 : almera.adventure_ 🎥 : almera.adventure_",https://www.threads.com/@folkkonoha/post/DGa9-9SyJwy,"",3000,0,4400,0,NaN
8,dr.kartikaeda.sp.a,2025-11-24T16:22:55.000Z,"dr.kartikaeda.sp.aVerified 9 tahun jd dokter, 3 tahun jadi dokter anak, ga pernah nemu kasus campak sebanyak ini.. 🤢🤢 Dan parahnya banyak juga pasien campak saya masih bayi2 ( 5-6 bulan), yang memang belum waktunya vaksin (vaksin pertama umur 9 bulan). Sudah pasti, otomatis, mereka kelompok usia yang paling rentan tertular. 9 tahun jd dokter, 3 tahun jadi dokter anak, ga pernah nemu kasus campak sebanyak ini.. 🤢🤢 Dan parahnya banyak juga pasien campak saya masih bayi2 ( 5-6 bulan), yang memang belum waktunya vaksin (vaksin pertama umur 9 bulan). Sudah pasti, otomatis, mereka kelompok usia yang paling rentan tertular. Dan tau kah teman2, bayi yang kena campak, risiko fatalnya jauh lebih tinggi daripada anak yg lebih besar?  Translate 1/2 Dan tau kah teman2, bayi yang kena campak, risiko fatalnya jauh lebih tinggi daripada anak yg lebih besar?",https://www.threads.com/@dr.kartikaeda.sp.a/post/DRch2ZLknBR,"",281,0,1900,0,NaN
9,windyafikaa,2025-12-12T12:20:40.000Z,"ada yg suka camping ?? temenan yuu…. ada yg suka camping ?? temenan yuu….",https://www.threads.com/@windyafikaa/post/DSKcb4zAfGp,"campinglife",0,0,0,0,NaN
10,ricsnt,2025-05-20T11:54:29.000Z,"ricsntVerified Camping sendirian dihutan 2 hari Camping sendirian dihutan 2 hari Tenda & alat camp @coodytenda.id Tenda & alat camp @coodytenda.id #camping #outdoors  Translate #camping #outdoors",https://www.threads.com/@ricsnt/post/DJ39rlESXlc,"",0,0,0,0,NaN
11,herdysant,2025-07-12T15:19:13.000Z,"Yg hobi camping pasti relate. Maaf kalo nanti ada yg tersinggung. Kenapa ya kalo lagi di tempat camping, yg suka berisik dan karaokean pake sound itu mayoritas yg gear campingnya yg murah. Sedangkan para campers yg gearnya premium macem naturhike, alltrek, blackdog orangnya selow, kalem, dan gak berisik.  Translate Yg hobi camping pasti relate. Maaf kalo nanti ada yg tersinggung. Kenapa ya kalo lagi di tempat camping, yg suka berisik dan karaokean pake sound itu mayoritas yg gear campingnya yg murah. Sedangkan para campers yg gearnya premium macem naturhike, alltrek, blackdog orangnya selow, kalem, dan gak berisik.",https://www.threads.com/@herdysant/post/DMAzPwlSuJx,"camping",0,0,0,0,NaN
12,houseeing_home,2025-07-12T23:54:01.000Z,"Premium bukannya yg TNF, Lafuma, Mountain Gear, Gregory, Osprey dll kyk gitu bang? Premium bukannya yg TNF, Lafuma, Mountain Gear, Gregory, Osprey dll kyk gitu bang?",https://www.threads.com/@houseeing_home/post/DMBuKMCzI1R,"",0,0,0,0,NaN
13,rumah.berkala,2025-10-10T08:32:50.000Z,"rumah.berkalaVerified Ide camping depan rumah ✨  Translate Ide camping depan rumah ✨",https://www.threads.com/@rumah.berkala/post/DPn0NeciUk_,"",0,0,0,0,NaN
14,azizahannah,2025-01-27T08:08:57.000Z,"azizahannahVerified Kaya gini loh kalau aku ngajak camping tuh! Tenang dan estetik 🥰 . . #camping #campinglife Kaya gini loh kalau aku ngajak camping tuh! Tenang dan estetik 🥰 . . #camping #campinglife",https://www.threads.com/@azizahannah/post/DFUmDJ9TL3e,"",0,0,0,0,NaN
15,pak_kop_2011,2025-09-14T13:57:47.000Z,"Ketemu Om Kumis Ketemu Om Kumis",https://www.threads.com/@pak_kop_2011/post/DOlczMRjKcW,"",0,0,0,0,NaN
16,dynnhrr,2025-12-25T06:14:21.000Z,"Kemana kitaa  Translate Kemana kitaa",https://www.threads.com/@dynnhrr/post/DSrQ2QtAVXG,"",0,0,0,0,NaN
17,bank_fadhil,2025-09-20T11:17:52.000Z,"Kuyy lah udah lama nih ga camping...asiik lho ngecamp bareng gue...why..karena gue mantan chef/bartender/barista ...jadi pasti asik kan bisa ngopi di alam☕😎👌 . Jadi kapan nih kita nge _Camp bareng😎 . *** Gue punya slow bar komplit lah alatnya 🤣👍  Translate 1/2 Kuyy lah udah lama nih ga camping...asiik lho ngecamp bareng gue...why..karena gue mantan chef/bartender/barista ...jadi pasti asik kan bisa ngopi di alam☕😎👌 . Jadi kapan nih kita nge _Camp bareng😎 . *** Gue punya slow bar komplit lah alatnya 🤣👍",https://www.threads.com/@bank_fadhil/post/DO0nROaAU7y,"camping",0,0,0,0,NaN
18,syahruni.ps,2025-10-02T15:06:48.000Z,"Edisi camping bareng keuarga 🙈 1/3 Edisi camping bareng keuarga 🙈",https://www.threads.com/@syahruni.ps/post/DPT7AfHE0fX,"",0,0,0,0,NaN
19,ainnhdie,2025-10-10T11:59:00.000Z,"jiwaku meronta mau hiking ! jiwaku meronta mau hiking !",https://www.threads.com/@ainnhdie/post/DPoL4GeE2sn,"",0,0,0,0,NaN
20,andydrm_,2025-01-12T02:45:59.000Z,"Apa gua doang yg suka camp tanpa hiking 🙂‍↕️ Apa gua doang yg suka camp tanpa hiking 🙂‍↕️",https://www.threads.com/@andydrm_/post/DEtY8bEym_b,"",0,0,0,0,NaN
21,era_puspayanti,2025-10-28T02:20:37.000Z,"Kadek dan komang  Translate Kadek dan komang",https://www.threads.com/@era_puspayanti/post/DQVf_iakcO0,"",0,0,0,0,NaN
22,trisna___w,2025-12-02T09:10:13.000Z,"Kayak cewe cewe kalemmm 🤗 Kayak cewe cewe kalemmm 🤗",https://www.threads.com/@trisna___w/post/DRwWsRxElvt,"",0,0,0,0,NaN
23,mangkasara_,2025-05-05T13:51:08.000Z,"Cemas ku liat ki kanda 😭 Cemas ku liat ki kanda 😭",https://www.threads.com/@mangkasara_/post/DJRjGynTtHo,"",0,0,0,0,NaN
24,akmalaziqq._,2025-12-14T08:48:25.000Z,"teman hiking ? teman hiking ? Puncak Bukit Telipong",https://www.threads.com/@akmalaziqq._/post/DSPNvFKkh5_,"Hiking Threads",0,0,0,0,NaN
25,heygagaaa,2025-06-26T03:54:49.000Z,"First time hiking dan camping berdua 😅 First time hiking dan camping berdua 😅",https://www.threads.com/@heygagaaa/post/DLWYHJfyeWe,"",0,0,0,0,NaN
26,afganfazri,2025-10-28T10:53:10.000Z,"Siapa yang pengen camping kesini? ☝️ Siapa yang pengen camping kesini? ☝️ Untuk detailnya bisa tanya aja ke @pinetrees.bdg Untuk detailnya bisa tanya aja ke @pinetrees.bdg @pinetrees.bdg #campinglife #campervan #campingceria  Translate #campinglife #campervan #campingceria",https://www.threads.com/@afganfazri/post/DQWapbWEq5r,"",0,0,0,0,NaN
27,irwansyah_el97,2025-05-09T06:43:05.000Z,"Ini tektok apa camp?? Ini tektok apa camp?? #pendaki #pendakiindonesia #pendaki #pendakiindonesia",https://www.threads.com/@irwansyah_el97/post/DJbFTNKJr-z,"",0,0,0,0,NaN
28,sherly.ernawati.583,2025-02-06T23:46:40.000Z,"Kmaren ku cinta  Kmu nya bertingkah  Translate Kmaren ku cinta  Kmu nya bertingkah",https://www.threads.com/@sherly.ernawati.583/post/DFwBTscTMe6,"",0,0,0,0,NaN
29,ikigaicampervan.family,2025-06-21T21:46:00.000Z,"#campingground #camping #campervan #liburan #campingground #camping #campervan #liburan Magelang, Jawa Tengah",https://www.threads.com/@ikigaicampervan.family/post/DLLaz-lPMPw,"",0,0,0,0,NaN
30,elel_abu,2025-10-15T12:40:57.000Z,"Siapa suka camping? Siapa suka camping?",https://www.threads.com/@elel_abu/post/DP1IpoZAVxy,"",0,0,0,0,NaN
31,arya_embun.id,2025-05-09T10:13:44.000Z,"Kompor meleduk 😂😂😂😂 Kompor meleduk 😂😂😂😂",https://www.threads.com/@arya_embun.id/post/DJbdaDcz7RY,"",0,0,0,0,NaN
32,mlv.em_,2025-08-27T10:30:26.000Z,"Demi jj sanggup hiking Demi jj sanggup hiking",https://www.threads.com/@mlv.em_/post/DN2uwsD5Dri,"",0,0,0,0,NaN
33,luqmanakim_,2025-05-28T13:48:07.000Z,"Ada geng kaki camping sini Ada geng kaki camping sini Kuantan,pahang",https://www.threads.com/@luqmanakim_/post/DKMxDHJJCPo,"",0,0,0,0,NaN
34,silviafortunaa,2025-10-13T22:30:11.000Z,"Jadi pengen ndaki ngunung camping ~ Jadi pengen ndaki ngunung camping ~",https://www.threads.com/@silviafortunaa/post/DPxCfmZkjWc,"",0,0,0,0,NaN
35,jihaanmuhraini,2025-03-15T07:21:28.000Z,"ketemu kaca, cekreekkk !! ketemu kaca, cekreekkk !!",https://www.threads.com/@jihaanmuhraini/post/DHNh-dgToqK,"",0,0,0,0,NaN
36,lupita_sariawan,2025-09-10T10:28:38.000Z,"Kmna² kaki melangkah Kmna² kaki melangkah",https://www.threads.com/@lupita_sariawan/post/DOaxrfGATPe,"",0,0,0,0,NaN
37,hafizaquafiz,2025-11-21T17:12:26.000Z,"Terkapai kapai ku kelemasan.. Terkapai kapai ku kelemasan..",https://www.threads.com/@hafizaquafiz/post/DRU5IeXj4c3,"",0,0,0,0,NaN
38,awal.adrians,2025-10-22T11:25:30.000Z,"awal.adriansVerified Capekku kodong 😭😭 Capekku kodong 😭😭",https://www.threads.com/@awal.adrians/post/DQHBk-FDb1Z,"",0,0,0,0,NaN
39,queen_tunggal,2025-10-24T00:14:23.000Z,"Lagunya candu kaya kmu🤭 Lagunya candu kaya kmu🤭",https://www.threads.com/@queen_tunggal/post/DQK-XQskpub,"",0,0,0,0,NaN
40,dandd__i,2025-08-08T03:50:08.000Z,"Cemas kau deck Cemas kau deck",https://www.threads.com/@dandd__i/post/DNFF2X3TNap,"",0,0,0,0,NaN
41,ammarxadelia,2025-10-31T10:25:00.000Z,"Bicara alam Bicara alam",https://www.threads.com/@ammarxadelia/post/DQeFz_QE2-c,"camping",0,0,28,0,NaN
42,hermiza.ilmiah,2025-08-29T14:25:32.000Z,"Hiking mode on🤸 Hiking mode on🤸 📍@camping.ground.kelir 📍@camping.ground.kelir #instapurbalingga #gunungkelir #hikinggirl #instapurbalingga #gunungkelir #hikinggirl Basecamp Gunung Kelir Purbalingga",https://www.threads.com/@hermiza.ilmiah/post/DN8TQl3E9x-,"",0,0,0,0,NaN
43,yusrillyusuf_,2025-10-09T11:23:24.000Z,"Kamis itu K nyaa kampret  Translate Kamis itu K nyaa kampret",https://www.threads.com/@yusrillyusuf_/post/DPljAZ6kvtA,"",0,0,0,0,NaN
44,jemappellemita,2025-12-20T22:14:44.000Z,"CAMPAK + PNEUMONIA Ketakutan terbesar sebagai ibu.  Hai Threads, aku mau berbagi cerita buat para Buibu tentang kisah perjuangan toodler mungilku yang berjuang lawan Campak dan Pneumonia.  Awal bulan November dia udah demam naik turun selama seminggu (dan ini kita udah bawa ke DSA dan udah dikasih obat juga),lalu beberapa hari kemudian obat itu udah kaya ga mempan  Translate 1/8 CAMPAK + PNEUMONIA Ketakutan terbesar sebagai ibu.  Hai Threads, aku mau berbagi cerita buat para Buibu tentang kisah perjuangan toodler mungilku yang berjuang lawan Campak dan Pneumonia.  Awal bulan November dia udah demam naik turun selama seminggu (dan ini kita udah bawa ke DSA dan udah dikasih obat juga),lalu beberapa hari kemudian obat itu udah kaya ga mempan",https://www.threads.com/@jemappellemita/post/DSgGx6DE7KJ,"pneumonia",0,0,0,0,NaN
45,dr.maiza,2025-10-26T11:17:07.000Z,"dr.maizaVerified Prevention is better than cure 💉 Vaksin penting untuk Wanita : ✨️ Kanser pangkal rahim = Vaksin HPV (sebelum hamil) ✨️ Sindrom rubella kongenital = Vaksin Rubella	MMR (sebelum hamil) ✨️ Hepatitis B = Vaksin Hepatitis B	(sebelum hamil) ✨️ Influenza = Vaksin 	Influenza (sebelum/ ketika hamil) ✨️ Tetanus,  Diphtheria, Pertussis = 	Vaksin Tdap (kehamilan minggu 27–36)	 ✨️ Respiratory Syncytial Virus = Vaksin RSV (kehamilan minggu 32) ✨️ Varicella (Cacar air)	= Vaksin Varicella (sebelum hamil) Prevention is better than cure 💉 Vaksin penting untuk Wanita : ✨️ Kanser pangkal rahim = Vaksin HPV (sebelum hamil) ✨️ Sindrom rubella kongenital = Vaksin Rubella	MMR (sebelum hamil) ✨️ Hepatitis B = Vaksin Hepatitis B	(sebelum hamil) ✨️ Influenza = Vaksin 	Influenza (sebelum/ ketika hamil) ✨️ Tetanus,  Diphtheria, Pertussis = 	Vaksin Tdap (kehamilan minggu 27–36)	 ✨️ Respiratory Syncytial Virus = Vaksin RSV (kehamilan minggu 32) ✨️ Varicella (Cacar air)	= Vaksin Varicella (sebelum hamil)",https://www.threads.com/@dr.maiza/post/DQRTzQaklbO,"",0,0,0,0,NaN
46,paremom84,2025-06-19T19:36:32.000Z,"Anyone have any idea what kind of bite this might be? It's on my 2 year old grandgirl's leg. She lives on a farm. She arrived here with it. Parents don't know. She's now got a low grade fever. Anyone have any idea what kind of bite this might be? It's on my 2 year old grandgirl's leg. She lives on a farm. She arrived here with it. Parents don't know. She's now got a low grade fever.",https://www.threads.com/@paremom84/post/DLGCaOchv9O,"",1400,0,673,0,NaN
47,johngerman.o,2025-10-14T05:09:30.000Z,"On September 25, 2025, I lost my beautiful 17-day-old baby boy to a massive enterovirus infection. On September 25, 2025, I lost my beautiful 17-day-old baby boy to a massive enterovirus infection. The doctors told us it was “like a common cold virus.” But that “cold” overwhelmed his tiny body. The doctors told us it was “like a common cold virus.” But that “cold” overwhelmed his tiny body. Watching his final moments be ruined by a pulmonary embolism, knowing it was “just a cold,” was the most devastating experience of my life. Nothing has looked the same since. Watching his final moments be ruined by a pulmonary embolism, knowing it was “just a cold,” was the most devastating experience of my life. Nothing has looked the same since. Now, as a measles outbreak appears in a nearby town, I see people on here saying measles “isn’t that bad.” Neither is a cold. 1/2 Now, as a measles outbreak appears in a nearby town, I see people on here saying measles “isn’t that bad.” Neither is a cold.",https://www.threads.com/@johngerman.o/post/DPxwMS5Df6N,"Measles",44,0,14100,0,NaN
48,syd_reads50,2025-03-07T21:05:54.000Z,"My son (12 months old) got the first dose of the MMR (mumps, measles, and rubella) vaccine today. Why, you ask? Oh, because vaccines save lives and I don’t want my child to die 🙃 *all anti-vaxxers who dare to comment will be blocked* My son (12 months old) got the first dose of the MMR (mumps, measles, and rubella) vaccine today. Why, you ask? Oh, because vaccines save lives and I don’t want my child to die 🙃 *all anti-vaxxers who dare to comment will be blocked*",https://www.threads.com/@syd_reads50/post/DG6Z91khVWp,"",1300,0,23800,0,NaN
49,jhwoolman,2025-10-26T22:13:48.000Z,"Got my flu shot on Friday, and a COVID booster. Yesterday I had two bright red dots on my arm. Got my flu shot on Friday, and a COVID booster. Yesterday I had two bright red dots on my arm. Today I have this…what is this? 1/2 Today I have this…what is this?",https://www.threads.com/@jhwoolman/post/DQSe9APEbRv,"",2100,0,265,0,NaN
50,busy_witchy_mama,2025-03-01T21:58:23.000Z,"The MMR vaccine almost killed my brother. He's extremely allergic to it. He is not protected from measles, mumps, and rubella. The MMR vaccine almost killed my brother. He's extremely allergic to it. He is not protected from measles, mumps, and rubella. As nervous as I get every time, my children have had their MMR shots. Why? Because they're not deathly allergic, and vaccinating my kids protects people like my brother who can't be. As nervous as I get every time, my children have had their MMR shots. Why? Because they're not deathly allergic, and vaccinating my kids protects people like my brother who can't be. Now I have a 3 month old who's too young for the shot. We live in North Texas. I am angry and scared for him. Measles in West Texas, rubella in Austin. It doesn't have to be this way. Now I have a 3 month old who's too young for the shot. We live in North Texas. I am angry and scared for him. Measles in West Texas, rubella in Austin. It doesn't have to be this way.",https://www.threads.com/@busy_witchy_mama/post/DGrDM5LyP1U,"",26,0,7000,0,NaN
51,rubin_allergy,2025-03-07T04:31:48.000Z,"rubin_allergyVerified Measles is very contagious and can be a very serious infection. #viral #measles #doctor Measles is very contagious and can be a very serious infection. #viral #measles #doctor",https://www.threads.com/@rubin_allergy/post/DG4oMkOsCeK,"",277,0,5200,0,NaN
52,micaelaboyt,2025-12-23T05:51:02.000Z,"This is so random but A few yrs ago, my man got MRSA on his forearm & instead of seeing a Dr, he asked me to make some kind of “healing food” This is so random but A few yrs ago, my man got MRSA on his forearm & instead of seeing a Dr, he asked me to make some kind of “healing food” I didn’t know what to make so I went back to my Mexican roots & made a huge pot of caldo - it had SO many onions (like at least 10 of em), 2-3 heads of sliced garlic, & a lil bit of celery/kale/zuchini… I didn’t know what to make so I went back to my Mexican roots & made a huge pot of caldo - it had SO many onions (like at least 10 of em), 2-3 heads of sliced garlic, & a lil bit of celery/kale/zuchini… And guess what? The MRSA was gone in 2 days. He ate that caldo for breakfast, lunch, & dinner… & 2 days later, the infection was completely healed. 1/2 And guess what? The MRSA was gone in 2 days. He ate that caldo for breakfast, lunch, & dinner… & 2 days later, the infection was completely healed.",https://www.threads.com/@micaelaboyt/post/DSmElwKANQZ,"",0,0,0,0,NaN
53,dgorsuch23,2025-02-27T13:05:51.000Z,"NO RFK! This is not a normal measles season- this is the first time in 10 years someone has died from measles.😢 NO RFK! This is not a normal measles season- this is the first time in 10 years someone has died from measles.😢",https://www.threads.com/@dgorsuch23/post/DGk8qxBOwo4,"",0,0,1300,0,NaN
54,dr.mo.ibrahim,2025-07-27T22:01:26.000Z,"dr.mo.ibrahimVerified A non-vaccinated child presents with cough, runny nose, inflamed eyes, sore throat, fever, and a red, blotchy skin rash. what is your diagnosis? A non-vaccinated child presents with cough, runny nose, inflamed eyes, sore throat, fever, and a red, blotchy skin rash. what is your diagnosis?",https://www.threads.com/@dr.mo.ibrahim/post/DMoJMuzB-nI,"",0,0,0,0,NaN
55,kay_wise_threads,2025-09-04T00:39:54.000Z,"Like most kids in the 40s, I easily survived the red measles, i.e. rubella.  So why vaccinate?  Well, I had measles when mom was pregnant. Six months later, my little brother, Ronnie was born with a clef palate, much of his bowel necrotic, his eyes unable to open, his tongue tied, and more.  Mom carried him on a pillow for months he was so weak.  He underwent six operations before age two.  We moved his hands and knees for weeks to teach him to crawl.  1/ 1/4 Like most kids in the 40s, I easily survived the red measles, i.e. rubella.  So why vaccinate?  Well, I had measles when mom was pregnant. Six months later, my little brother, Ronnie was born with a clef palate, much of his bowel necrotic, his eyes unable to open, his tongue tied, and more.  Mom carried him on a pillow for months he was so weak.  He underwent six operations before age two.  We moved his hands and knees for weeks to teach him to crawl.  1/",https://www.threads.com/@kay_wise_threads/post/DOKRiodkYEO,"",1000,1200,16400,297,NaN
56,tucci222,2025-02-25T15:35:17.000Z,"The CBS News says that measles may lead to hospitalization and death.That's crazy when I was growing up.Everybody got the measles and the Momps Which I don't hear of anymore. Nobody died. Nobody went to the hospital. I used to visit my friends when they were broke out with the measles. Little red bumps all over. I had them tno problem later on. They can cause shingles. That's the only drawback, but even though you're vaccinated, you can still get the shingles, I believe. The CBS News says that measles may lead to hospitalization and death.That's crazy when I was growing up.Everybody got the measles and the Momps Which I don't hear of anymore. Nobody died. Nobody went to the hospital. I used to visit my friends when they were broke out with the measles. Little red bumps all over. I had them tno problem later on. They can cause shingles. That's the only drawback, but even though you're vaccinated, you can still get the shingles, I believe.",https://www.threads.com/@tucci222/post/DGgELhnzVQX,"",0,0,0,0,NaN
57,lady.elizabeth07,2025-08-07T00:31:53.000Z,"Ok my family and friends am back in the hospital with Mrsa on my scalp from where I burn it 3weeks ago ok so I ask please once again keep in your prayers yall know how I hate hospitals... Ok my family and friends am back in the hospital with Mrsa on my scalp from where I burn it 3weeks ago ok so I ask please once again keep in your prayers yall know how I hate hospitals... Medical Center of Arlington",https://www.threads.com/@lady.elizabeth07/post/DNCKXWlOs77,"",0,0,0,0,NaN
58,mody.ankita1591,2025-10-31T17:42:57.000Z,"Rubroo 🙌 Rubroo 🙌",https://www.threads.com/@mody.ankita1591/post/DQe37WAksbD,"",0,0,0,0,NaN
59,forever_evolving_415,2025-03-27T14:05:37.000Z,"How many people actually remember measles and chickenpox before vaccines.?.. Why is it so deadly now all of a sudden.. I mean years ago it used to just run its course right? I'm confused just trying to make sense of it all How many people actually remember measles and chickenpox before vaccines.?.. Why is it so deadly now all of a sudden.. I mean years ago it used to just run its course right? I'm confused just trying to make sense of it all",https://www.threads.com/@forever_evolving_415/post/DHtJxBogYF2,"",0,0,0,0,NaN
60,celebritywordd,2025-06-29T01:10:41.000Z,"I learned newborns get a Hep B vaccine—an STD-related shot—I started digging deep into the list of vaccines they give babies. It makes no sense why a brand-new baby needs so many. Props to RFK Jr. for speaking up! I learned newborns get a Hep B vaccine—an STD-related shot—I started digging deep into the list of vaccines they give babies. It makes no sense why a brand-new baby needs so many. Props to RFK Jr. for speaking up!",https://www.threads.com/@celebritywordd/post/DLdzzdDxK-y,"",0,0,0,0,NaN
61,nani_wai,2025-01-02T22:09:22.000Z,"Things I will not be getting in 2025 Things I will not be getting in 2025 - Polio  - Smallpox  - Tetanus  - Diphtheria  - Measles  - Mumps  - Rubella - Polio  - Smallpox  - Tetanus  - Diphtheria  - Measles  - Mumps  - Rubella Because of vaccines. Because of vaccines. I’m vaccinated. I’m vaccinated.",https://www.threads.com/@nani_wai/post/DEVuWkyzJjW,"",128,0,21200,0,NaN
62,late.july,2025-03-11T23:53:39.000Z,"late.julyVerified All my titre results came back. it turns out those vaccines the doctors gave me in the 80's still work. Immune to measles, rubella AND the mumps. All my titre results came back. it turns out those vaccines the doctors gave me in the 80's still work. Immune to measles, rubella AND the mumps. Science is so neat. Science is so neat.",https://www.threads.com/@late.july/post/DHFAV4Xy4Wi,"",0,0,19400,0,NaN
63,dr.mo.ibrahim,2025-03-29T09:08:19.000Z,"dr.mo.ibrahimVerified This patient presented with an acute eruption on the hand. The patient was in good general health and not in therapy with systemic drugs. The first vesicles and blisters appeared during a trip in SriLanka. What is your diagnosis? This patient presented with an acute eruption on the hand. The patient was in good general health and not in therapy with systemic drugs. The first vesicles and blisters appeared during a trip in SriLanka. What is your diagnosis?",https://www.threads.com/@dr.mo.ibrahim/post/DHxxVPlu3km,"",0,0,0,0,NaN
64,xuanqing.0726,2025-08-06T09:32:00.000Z,"Cantarella Cantarella",https://www.threads.com/@xuanqing.0726/post/DNAjYgPvPyk,"",0,0,0,0,NaN
65,thedameliajones,2025-11-13T00:39:26.000Z,"🚨Parents beware!!🚨 🚨Parents beware!!🚨 There is a virus going around called “Croup”. I had never heard of this until today. Apparently its alot worse in toddlers. Emory has it. There is a virus going around called “Croup”. I had never heard of this until today. Apparently its alot worse in toddlers. Emory has it. Common symptoms include a barking cough, fever, runny nose, and high-pitched “creaking” or whistling sound (stridor) when breathing in. Common symptoms include a barking cough, fever, runny nose, and high-pitched “creaking” or whistling sound (stridor) when breathing in.",https://www.threads.com/@thedameliajones/post/DQ-hIhFjBfT,"",0,0,0,0,NaN
66,john7281962,2025-08-12T22:26:31.000Z,"I was at Walgreens yesterday, and it made me sad, with everything we know about vaccines that I saw a parent having their child shot up with some garbage, that they are TOLD TO DO, instead of refusing to do it. Folks stand up for the children, because someone has to, because the schools won't and the government sure won't. I was at Walgreens yesterday, and it made me sad, with everything we know about vaccines that I saw a parent having their child shot up with some garbage, that they are TOLD TO DO, instead of refusing to do it. Folks stand up for the children, because someone has to, because the schools won't and the government sure won't.",https://www.threads.com/@john7281962/post/DNRYyeSBtrR,"",1000,0,83,0,NaN
67,gernorlat,2025-08-13T02:10:31.000Z,"I’m old enough to have lived through measles, mumps, chicken pox, and rubella before there were vaccines for them. Rubella wasn’t bad, but if a pregnant woman gets it, it can cause severe harm to the developing fetus. Mumps was awful. Chicken pox was torture. Imagine unbearable itching all over but you can’t scratch. Measles was the sickest I have ever been in my life. It can damage the eyes, so I had to lie in a darkened room, no reading, no TV. This generation has no idea. I’m old enough to have lived through measles, mumps, chicken pox, and rubella before there were vaccines for them. Rubella wasn’t bad, but if a pregnant woman gets it, it can cause severe harm to the developing fetus. Mumps was awful. Chicken pox was torture. Imagine unbearable itching all over but you can’t scratch. Measles was the sickest I have ever been in my life. It can damage the eyes, so I had to lie in a darkened room, no reading, no TV. This generation has no idea.",https://www.threads.com/@gernorlat/post/DNRybKfspMx,"",0,0,0,0,NaN
68,thebackpackingmom,2025-03-20T22:43:52.000Z,"“Absolutely not take the MMR [vaccine],” she said. “The measles wasn’t that bad. [The other children] got over it pretty quickly.” “Absolutely not take the MMR [vaccine],” she said. “The measles wasn’t that bad. [The other children] got over it pretty quickly.” Ummmm. It wasn’t that bad? My sister in Christ, it KILLED your baby girl. I guess she just wasn’t your favorite kid? What in the actual fuck!? Ummmm. It wasn’t that bad? My sister in Christ, it KILLED your baby girl. I guess she just wasn’t your favorite kid? What in the actual fuck!? the.independentVerified the.independent the.independent the.independent Parents of unvaccinated 6-year-old killed by measles in Texas speak out. They still are anti-vax Parents of unvaccinated 6-year-old killed by measles in Texas speak out. They still are anti-vax Parents of unvaccinated 6-year-old killed by measles in Texas speak out. They still are anti-vax Parents of unvaccinated 6-year-old killed by measles in Texas speak out. They still are anti-vax independent.co.uk independent.co.uk Parents of child killed by measles appear in anti-vaccine video Parents of child killed by measles appear in anti-vaccine video",https://www.threads.com/@thebackpackingmom/post/DHcDgpiy8JI,"Measles",3200,0,4200,0,NaN
69,unknown,2025-03-20T18:09:32.000Z,"the.independentVerified the.independent the.independent the.independent Parents of unvaccinated 6-year-old killed by measles in Texas speak out. They still are anti-vax Parents of unvaccinated 6-year-old killed by measles in Texas speak out. They still are anti-vax Parents of unvaccinated 6-year-old killed by measles in Texas speak out. They still are anti-vax Parents of unvaccinated 6-year-old killed by measles in Texas speak out. They still are anti-vax independent.co.uk independent.co.uk Parents of child killed by measles appear in anti-vaccine video Parents of child killed by measles appear in anti-vaccine video",https://www.threads.com/@the.independent/post/DHbkHd9O43r,"",3200,0,4200,0,NaN
70,ansapphire.ap,2025-09-04T17:41:44.000Z,"I post this occasionally as a warning. I contacted measles as a child. Which led to me getting Encephalitis. Which can sometimes happens in measles cases. Encephalitis is swelling of the brain. While hospitalized ended up in a coma. The dr told my Mom there was a chance if I came out of the coma I would be mentally challenged. Didn’t happen but I spent months having to re-learn all the things parents teach toddlers. RFK Jr is a direct threat to children’s health. Fire him. I post this occasionally as a warning. I contacted measles as a child. Which led to me getting Encephalitis. Which can sometimes happens in measles cases. Encephalitis is swelling of the brain. While hospitalized ended up in a coma. The dr told my Mom there was a chance if I came out of the coma I would be mentally challenged. Didn’t happen but I spent months having to re-learn all the things parents teach toddlers. RFK Jr is a direct threat to children’s health. Fire him.",https://www.threads.com/@ansapphire.ap/post/DOMGe0WDm_p,"",64,0,11800,0,NaN
71,moodybill,2025-12-30T13:17:35.000Z,"This response to a vaccines post. My parents followed full vaccination schedule. I’m 64 years old. This response to a vaccines post. My parents followed full vaccination schedule. I’m 64 years old. I plan on living forever. It’s going okay so far I plan on living forever. It’s going okay so far",https://www.threads.com/@moodybill/post/DS45Qf3CP9_,"",0,0,0,0,NaN
72,maryrosscrawford,2025-12-30T15:21:58.000Z,"I stood in line in a high school gym in 1961 so I wouldn't get polio. I was vaccinated against small pox. I had measles, mumps and rubella as a child because no vaccines were available. I get regular flu and COVID shots and boosters. So far, the after effects are that i haven't been crippled or died unnecessarily. I'm 71. I stood in line in a high school gym in 1961 so I wouldn't get polio. I was vaccinated against small pox. I had measles, mumps and rubella as a child because no vaccines were available. I get regular flu and COVID shots and boosters. So far, the after effects are that i haven't been crippled or died unnecessarily. I'm 71.",https://www.threads.com/@maryrosscrawford/post/DS5HfhtDkPs,"",0,0,0,0,NaN
73,itsrachelonline,2025-03-03T01:40:42.000Z,"What is the Oregon Fucking Trail timeline are we in?!? What is the Oregon Fucking Trail timeline are we in?!? Measles? Rubella??! DYSENTARY?!?!? Measles? Rubella??! DYSENTARY?!?!?",https://www.threads.com/@itsrachelonline/post/DGuBcD8tAgr,"",59,0,2700,0,NaN
74,pizzacakecomic,2025-04-14T03:17:23.000Z,"pizzacakecomicVerified I wasn't expecting measles to come back either... I wasn't expecting measles to come back either...",https://www.threads.com/@pizzacakecomic/post/DIaV5BItjG5,"",175,0,15000,0,NaN
75,nikkinegs31,2025-07-02T01:59:15.000Z,"Listen yall. If a bat flies into your house. GET THE POST EXPOSURE RABIES VACCINE. Why is there hesitation on this? Don’t get it and literally risk death. Listen yall. If a bat flies into your house. GET THE POST EXPOSURE RABIES VACCINE. Why is there hesitation on this? Don’t get it and literally risk death. Once rabies symptoms start to appear, it’s generally too late and usually results in death. Rabies WILL KILL you.  Don’t mess around with it! Once rabies symptoms start to appear, it’s generally too late and usually results in death. Rabies WILL KILL you.  Don’t mess around with it!",https://www.threads.com/@nikkinegs31/post/DLlnv31t0by,"",0,0,0,0,NaN
76,mallyreinhart,2025-07-02T06:21:38.000Z,"I had the rabies shots at age 5 after being bit by a ferrell cat.  Not too long after I came down with CLL (leukemia). Just saying, there is sometimes more than a financial price to getting a shot. I had the rabies shots at age 5 after being bit by a ferrell cat.  Not too long after I came down with CLL (leukemia). Just saying, there is sometimes more than a financial price to getting a shot.",https://www.threads.com/@mallyreinhart/post/DLmFxm-uOEN,"",0,0,0,0,NaN
77,survivedcancers,2025-11-30T06:18:18.000Z,"Junctional EB, one of the things Brooklyn hates the most is lancing blisters. This one was huge and only happened today as she was playing. This happens on her skin very easily. One hour it’s not there. The next it is. EB is so unfair. But B is such a strong girl! ❤️🦋 #JEB #butterflywarrior #butterflyskin #junctionalepidermolysisbullosa #fuckeb #awareness #awarenessvideo #awarenessmatters #cureJEB #cureEB #blisters Junctional EB, one of the things Brooklyn hates the most is lancing blisters. This one was huge and only happened today as she was playing. This happens on her skin very easily. One hour it’s not there. The next it is. EB is so unfair. But B is such a strong girl! ❤️🦋 #JEB #butterflywarrior #butterflyskin #junctionalepidermolysisbullosa #fuckeb #awareness #awarenessvideo #awarenessmatters #cureJEB #cureEB #blisters",https://www.threads.com/@survivedcancers/post/DRq5bIYjMeq,"",0,0,0,0,NaN
78,likeasistersupport,2025-02-27T15:59:20.000Z,"When I had my third baby, my bloodwork revealed that my 1984 MMR vaccine wasn’t still protecting me from measles and I needed a booster. Talk to your doctor about this, millennials! When I had my third baby, my bloodwork revealed that my 1984 MMR vaccine wasn’t still protecting me from measles and I needed a booster. Talk to your doctor about this, millennials!",https://www.threads.com/@likeasistersupport/post/DGlQhXyRzFq,"Measles",0,0,0,0,NaN
79,irnafadzila,2025-07-28T10:12:50.000Z,"🌸 Hi Mommies & Paediatricians in JB! 🌸 I have a quick question 🙏🏻 🌸 Hi Mommies & Paediatricians in JB! 🌸 I have a quick question 🙏🏻 My child already received the MMR vaccine from a private hospital when she was small. Both dose taken. Do I still need to bring her for the KKM’s recommended MMR vaccination now? She’s 4 this year and her preschool is pushing for it.. Just wanna make sure if it is necessary.. My child already received the MMR vaccine from a private hospital when she was small. Both dose taken. Do I still need to bring her for the KKM’s recommended MMR vaccination now? She’s 4 this year and her preschool is pushing for it.. Just wanna make sure if it is necessary.. Appreciate any advice. Thank you 🫶🏻 Appreciate any advice. Thank you 🫶🏻",https://www.threads.com/@irnafadzila/post/DMpc5vOy0PP,"Johor Bahru",0,0,0,0,NaN
80,drtehwaibin_paeds,2025-07-29T03:10:51.000Z,"Hi mommy. I'm Dr. Teh, Paeds here from JB. Hi mommy. I'm Dr. Teh, Paeds here from JB. Yes encourage to take as booster for protection since child is already 4y.o, last MMR was like during 1 year old for her. This vaccine is MR (only measles n rubella), not MMR. Yes encourage to take as booster for protection since child is already 4y.o, last MMR was like during 1 year old for her. This vaccine is MR (only measles n rubella), not MMR. Best is anak also covered with other vaccination like influenza or chicken pox as well ya. Best is anak also covered with other vaccination like influenza or chicken pox as well ya.",https://www.threads.com/@drtehwaibin_paeds/post/DMrRZ6myp8T,"",0,0,0,0,NaN
81,pattyblount3,2025-12-30T03:51:59.000Z,"I’m scared, y’all. I have no measurable measles immunity according to blood test. I also have an auto immune disease and cannot get the MMR shot because it’s live culture. Measles cases are spiking  because too many people think IT’S A COMMON COLD. I’m scared, y’all. I have no measurable measles immunity according to blood test. I also have an auto immune disease and cannot get the MMR shot because it’s live culture. Measles cases are spiking  because too many people think IT’S A COMMON COLD.",https://www.threads.com/@pattyblount3/post/DS34h3XjMbI,"",0,0,0,0,NaN
82,scottishsithphotoygraphy,2025-03-04T05:33:52.000Z,"I was born in the early 1970's. Our family GP refused to vaccinate me against measles. She was an older lady and she believed natural immunity was better than vaccination. I caught measles when I was 12. It sucked. It was painful, and I thought I was going blind. I couldn't eat because of sore spots in my mouth. Vaccinate your children. I was born in the early 1970's. Our family GP refused to vaccinate me against measles. She was an older lady and she believed natural immunity was better than vaccination. I caught measles when I was 12. It sucked. It was painful, and I thought I was going blind. I couldn't eat because of sore spots in my mouth. Vaccinate your children.",https://www.threads.com/@scottishsithphotoygraphy/post/DGxA6ynI6dc,"",0,0,5200,0,NaN
83,aaronkretz,2025-12-12T21:46:44.000Z,"We don’t simply have a measles outbreak here in South Carolina. We have an outbreak of anti-vax lunacy, and measles is one of the side effects. We don’t simply have a measles outbreak here in South Carolina. We have an outbreak of anti-vax lunacy, and measles is one of the side effects.",https://www.threads.com/@aaronkretz/post/DSLdN3OlHFm,"",36,0,12800,0,NaN
84,markdavisforcongress,2025-12-11T14:30:47.000Z,"markdavisforcongressVerified BREAKING South Carolina just quarantined 254 people in a measles outbreak that’s already blown past 110 cases. BREAKING South Carolina just quarantined 254 people in a measles outbreak that’s already blown past 110 cases. This shouldn’t be happening in America. Not in 2025. Not with a virus this contagious. This shouldn’t be happening in America. Not in 2025. Not with a virus this contagious. Measles was eradicated in 2000. It’s back. Measles was eradicated in 2000. It’s back.",https://www.threads.com/@markdavisforcongress/post/DSIGh_JkUKG,"",498,1400,13800,465,NaN
85,markdavisforcongress,2025-12-11T15:14:39.000Z,"markdavisforcongressVerified I’ve posted about this before. But my first girlfriend as a teenager died from measles. She she was born in Thailand and didn’t have access to vaccines like we do so she got measles as a young child. When she turned 18, it came back and killed her. violently 2/3 I’ve posted about this before. But my first girlfriend as a teenager died from measles. She she was born in Thailand and didn’t have access to vaccines like we do so she got measles as a young child. When she turned 18, it came back and killed her. violently",https://www.threads.com/@markdavisforcongress/post/DSILjPTEWwO,"",0,0,0,0,NaN
86,paigedandconfused,2025-04-20T01:38:44.000Z,"I’m not arguing with anti-vaxxers. It’s 2025 and kids are literally dying from measles, a completely preventable disease. I’m not arguing with anti-vaxxers. It’s 2025 and kids are literally dying from measles, a completely preventable disease.",https://www.threads.com/@paigedandconfused/post/DIpnXqgNEMt,"",836,1300,27000,52,NaN
87,rubin_allergy,2025-09-07T23:12:53.000Z,"rubin_allergyVerified RFK Jr and Joseph Ladapo don’t care if this becomes more common again if vaccination coverage continues to drop. RFK Jr and Joseph Ladapo don’t care if this becomes more common again if vaccination coverage continues to drop. Do you know what this is? Do you know what this is?",https://www.threads.com/@rubin_allergy/post/DOUawzrAIYy,"",2200,0,4900,0,NaN
88,cherylburns631,2025-09-07T23:58:55.000Z,"I re-boosted my childhood vaccines. I got the MMR and TDAP. I just need the polio vax and a hepatitis I believe. Getting my flu shot tomorrow and Covid next week. I re-boosted my childhood vaccines. I got the MMR and TDAP. I just need the polio vax and a hepatitis I believe. Getting my flu shot tomorrow and Covid next week.",https://www.threads.com/@cherylburns631/post/DOUgB9_ia1i,"",0,0,0,0,NaN
89,celesteholloway,2025-08-28T01:36:37.000Z,"My great granddaughter is in the hospital tonight. She had a minor hand surgery to remove a sore. They suspect MRSA. 3 days in a row she was taken to ER and today they actually are doing something. I’m upset as I thought staph as soon as I saw it. She has limited mobility in her thumb right now. They cut a lot out. Waiting on full culture for results.  She is 6 years old. My great granddaughter is in the hospital tonight. She had a minor hand surgery to remove a sore. They suspect MRSA. 3 days in a row she was taken to ER and today they actually are doing something. I’m upset as I thought staph as soon as I saw it. She has limited mobility in her thumb right now. They cut a lot out. Waiting on full culture for results.  She is 6 years old.",https://www.threads.com/@celesteholloway/post/DN4WeAPDar9,"",0,0,0,0,NaN
90,fantasyrants,2025-08-10T05:13:46.000Z,"Someone just said that Hand, Foot, and Mouth is just ""repackaged"" Measles. Someone just said that Hand, Foot, and Mouth is just ""repackaged"" Measles. Look I know not everyone studied epidemiology but HFM (Coxsackie virus) is NOT Measles (Rubeola). Please put your conspiracy theory energy into something more productive than fear-mongering communicable diseases. Look I know not everyone studied epidemiology but HFM (Coxsackie virus) is NOT Measles (Rubeola). Please put your conspiracy theory energy into something more productive than fear-mongering communicable diseases.",https://www.threads.com/@fantasyrants/post/DNKZAogM-95,"",0,0,1100,0,NaN
91,lauras.write.edits,2025-02-22T03:02:30.000Z,"Since anti-vaxxers prefer anecdotal evidence rather than scientific, I am going to give anecdotal evidence to explain why I am pro-vaccines. Since anti-vaxxers prefer anecdotal evidence rather than scientific, I am going to give anecdotal evidence to explain why I am pro-vaccines. Gather round friends, and let me tell you about my grandma. Gather round friends, and let me tell you about my grandma. My grandma was born in 1934. As she grew up, she caught whooping cough, chicken pox, and rubella TWICE each. Yes, you read that right. Twice. One of my theories that her immune system got wiped out by measles at some point. (1) 1/4 My grandma was born in 1934. As she grew up, she caught whooping cough, chicken pox, and rubella TWICE each. Yes, you read that right. Twice. One of my theories that her immune system got wiped out by measles at some point. (1)",https://www.threads.com/@lauras.write.edits/post/DGW_pavs3Ja,"",0,0,1000,0,NaN
92,raetheangela,2025-02-13T16:44:26.000Z,"raetheangelaVerified Welp… RFK Jr. is confirmed. Welp… RFK Jr. is confirmed. Enjoy smallpox peeps… Enjoy smallpox peeps… But hey, apparently working out and drinking herbal tea cures measles so, at least I’m safe from that!!! But hey, apparently working out and drinking herbal tea cures measles so, at least I’m safe from that!!! Fuck me running 🤦🏻‍♀️ great job America! Fuck me running 🤦🏻‍♀️ great job America!",https://www.threads.com/@raetheangela/post/DGBSjhsg0St,"",0,0,0,0,NaN
93,cdmason76,2025-10-15T17:03:54.000Z,"You guys really need to read some package inserts. There’s a far higher risk and taking the shot then and having the illness. Measles is a respiratory illness where a rash. It’s not fatal. You guys really need to read some package inserts. There’s a far higher risk and taking the shot then and having the illness. Measles is a respiratory illness where a rash. It’s not fatal. vaccineriskaware vaccineriskaware",https://www.threads.com/@cdmason76/post/DP1mvlfjWRJ,"",0,0,0,0,NaN
94,thutommy,2025-11-09T18:18:04.000Z,"My hand is in severe pain — it feels like there are worms moving inside or eating the bone. On my way to ER, stay tuned! My hand is in severe pain — it feels like there are worms moving inside or eating the bone. On my way to ER, stay tuned!",https://www.threads.com/@thutommy/post/DQ2HGqNgVCi,"",0,0,0,0,NaN
95,rebeccacollier911,2025-11-09T23:25:48.000Z,"RA flare ? Looks like mine when I have a severe flare .. I feel for you RA flare ? Looks like mine when I have a severe flare .. I feel for you",https://www.threads.com/@rebeccacollier911/post/DQ2qUiEjkQg,"",0,0,0,0,NaN
96,realcharleneb,2025-10-21T17:56:39.000Z,"I received my first MMR vax in 1966.  I will never forget the 2 classmates who died from measles & one from whooping cough that same year. I received my first MMR vax in 1966.  I will never forget the 2 classmates who died from measles & one from whooping cough that same year. CDC now recommends those who were vaccinated prior to 1968 to be vaccinated again with the live booster. CDC now recommends those who were vaccinated prior to 1968 to be vaccinated again with the live booster. I loathe big pharma & hate how they profit off of sickness BUT I am not going to boycott medicine & science to risk my health. I loathe big pharma & hate how they profit off of sickness BUT I am not going to boycott medicine & science to risk my health. I got another MMR today. 💉 I got another MMR today. 💉",https://www.threads.com/@realcharleneb/post/DQFJjH2icTa,"Measles kills",0,0,0,0,NaN
97,megamew,2025-03-13T13:31:28.000Z,"My doctor confirmed that my blood test showed that I have basically zero immunity against measles anymore and told me to schedule an MMR vaccination asap. With confirmed cases in the DC area, I am not fucking around. If you are around my age (~50) talk to your doctor or maybe just head over to Costco for a vaccination. We should not have to worry about this in this day and age, but here we are. My doctor confirmed that my blood test showed that I have basically zero immunity against measles anymore and told me to schedule an MMR vaccination asap. With confirmed cases in the DC area, I am not fucking around. If you are around my age (~50) talk to your doctor or maybe just head over to Costco for a vaccination. We should not have to worry about this in this day and age, but here we are.",https://www.threads.com/@megamew/post/DHJCusqsYdU,"",0,0,0,0,NaN
98,sumaselli,2025-12-31T07:02:27.000Z,"Reply to unavailable post Reply to unavailable post Measles because you didn't vax? Measles because you didn't vax?",https://www.threads.com/@sumaselli/post/DS6zH3NlWih,"",0,0,12000,0,NaN
99,nindmargaret,2025-12-31T08:39:21.000Z,"The  vax causes measles abd deaths The  vax causes measles abd deaths",https://www.threads.com/@nindmargaret/post/DS6-NkzCufY,"",0,0,0,0,NaN
100,abigailwise,2025-05-16T04:43:30.000Z,"abigailwiseVerified I just read that measles have officially entered Albuquerque, where I visit often and just went down to tonight with my two-month-old, who is too young to get the MMR vaccine. A hearty middle finger to all the anti-vaxxers who got us to this point. I just read that measles have officially entered Albuquerque, where I visit often and just went down to tonight with my two-month-old, who is too young to get the MMR vaccine. A hearty middle finger to all the anti-vaxxers who got us to this point.",https://www.threads.com/@abigailwise/post/DJs5Lu5R9JG,"",0,0,1300,0,NaN
101,rubabanice,2025-10-08T15:29:27.000Z,"#rubabanice #rubabanice",https://www.threads.com/@rubabanice/post/DPjaXpPjc43,"",0,0,0,0,NaN
102,howardoark,2025-02-15T05:12:39.000Z,"R0 for measles is between 12 and 18. You're contagious for 4 days before the rash appears. Between15 and 20% of Texas teenagers haven't received the MMR vaccine. Do the math. They're royally screwed (most of the red states as well). 1/2 R0 for measles is between 12 and 18. You're contagious for 4 days before the rash appears. Between15 and 20% of Texas teenagers haven't received the MMR vaccine. Do the math. They're royally screwed (most of the red states as well).",https://www.threads.com/@howardoark/post/DGFM-cQuVP_,"",28,0,1300,0,NaN
103,kittikelo,2025-03-14T22:47:47.000Z,"""I had measles when I was a kid, and I turned out fine."" ""I had measles when I was a kid, and I turned out fine."" No shit. It's not like the people who didn't turn out fine are gonna say something, now are they 🙄 No shit. It's not like the people who didn't turn out fine are gonna say something, now are they 🙄 Vaccinate your kids, people. 1/2 Vaccinate your kids, people.",https://www.threads.com/@kittikelo/post/DHMnMH7Nx0u,"",0,0,1000,0,NaN
104,thewhizdoc,2025-02-27T14:16:47.000Z,"thewhizdocVerified Family doctor here: Family doctor here: Measles infection is not normal. A measles outbreak is not normal. The death of a child from measles is NOT normal. Measles infection is not normal. A measles outbreak is not normal. The death of a child from measles is NOT normal. Don’t let anyone try to convince you otherwise. Don’t let anyone try to convince you otherwise.",https://www.threads.com/@thewhizdoc/post/DGlEyRmRyLW,"",849,2700,30800,311,NaN
105,kateravenbooks,2025-05-23T19:17:14.000Z,"Microdosing measles, mumps, & rubella to activate your natural immune system is the crunchiest and safest natural method! And it’s available for free at your doctor’s office or pharmacy 🌿🍃☀️ Microdosing measles, mumps, & rubella to activate your natural immune system is the crunchiest and safest natural method! And it’s available for free at your doctor’s office or pharmacy 🌿🍃☀️",https://www.threads.com/@kateravenbooks/post/DKAevU8SEgI,"",123,0,5800,0,NaN
106,_welldamntv,2025-05-13T20:40:29.000Z,"Rumble young man rumble #fyp #viral #reels #trending #foryou #music #wow Rumble young man rumble #fyp #viral #reels #trending #foryou #music #wow",https://www.threads.com/@_welldamntv/post/DJm4UDjuOEJ,"",225,0,2700,0,NaN
107,iamthirtyaf,2025-04-03T21:51:27.000Z,"iamthirtyafVerified I got the three rounds of MMR vaccines when I was a kid. After hearing from a friend that the lifelong immunity doesn’t actually hold for everybody, I asked my doctor if I could get checked to see if I am still immune to measles. I just got my results back and have full mumps immunity, low to no immunity to measles, and no immunity to rubella. Booster appointment is scheduled for next week! Pretty easy to schedule a blood test and get checked, just a heads up 💕 I got the three rounds of MMR vaccines when I was a kid. After hearing from a friend that the lifelong immunity doesn’t actually hold for everybody, I asked my doctor if I could get checked to see if I am still immune to measles. I just got my results back and have full mumps immunity, low to no immunity to measles, and no immunity to rubella. Booster appointment is scheduled for next week! Pretty easy to schedule a blood test and get checked, just a heads up 💕",https://www.threads.com/@iamthirtyaf/post/DIAApEcAcmY,"",228,0,5500,0,NaN
108,neodocjdg,2025-12-12T00:48:32.000Z,"With measles starting to come back due to lack of herd immunity I’m starting to worry about congenital rubella; it’s basically silent until a pregnant person gets it. With measles starting to come back due to lack of herd immunity I’m starting to worry about congenital rubella; it’s basically silent until a pregnant person gets it. Congenital rubella causes a series of birth defects which cause life long disability if the child survives including deafness, heart defects, cataracts, and intellectual disabilities. Congenital rubella causes a series of birth defects which cause life long disability if the child survives including deafness, heart defects, cataracts, and intellectual disabilities.",https://www.threads.com/@neodocjdg/post/DSJNOgnDGjI,"Measles",0,0,0,0,NaN
109,sugar.and.spite_,2025-08-29T13:04:10.000Z,"Asking for a friend....what kind of bite does this look like ? The AI gave scary answers lol Asking for a friend....what kind of bite does this look like ? The AI gave scary answers lol",https://www.threads.com/@sugar.and.spite_/post/DN8J8kmDv7a,"",1300,0,682,0,NaN
110,autw,2025-08-29T13:40:25.000Z,"Tick bite. That's a bulls-eye rash. You need doxycyclene antibiotics and a Lyme disease titer done. Tick bite. That's a bulls-eye rash. You need doxycyclene antibiotics and a Lyme disease titer done.",https://www.threads.com/@autw/post/DN8OGFRDSMz,"",0,0,3200,0,NaN
111,holistichealthandmore,2025-10-14T10:36:10.000Z,"Did you know the rubella vaccine was tested on orphaned and institutionalized children in the 1960s? Did you know the rubella vaccine was tested on orphaned and institutionalized children in the 1960s? Dr. Stanley Plotkin admitted it under oath. Dr. Stanley Plotkin admitted it under oath.",https://www.threads.com/@holistichealthandmore/post/DPyVk1uDape,"vaccines",0,0,0,0,NaN
112,haripriyasaji44,2025-06-05T23:38:28.000Z,"Dr. Ben Marble: ""We've got a young 21-year-old with new onset turbo cancer all over his body."" Dr. Ben Marble: ""We've got a young 21-year-old with new onset turbo cancer all over his body."" ""Of course, he took the fake vaccine poison."" ""Of course, he took the fake vaccine poison."" ""And he's not going to survive. This is non-survivable."" ""And he's not going to survive. This is non-survivable."" ""It's horrific."" ""It's horrific.""",https://www.threads.com/@haripriyasaji44/post/DKia90Gy1Ip,"",0,0,0,0,NaN
113,dr.nichellehaynes,2025-03-03T21:19:46.000Z,"dr.nichellehaynesVerified “Hi I’m Nichelle!” “Hi Michelle.” “It’s Nichelle. With an N. Like ‘NNNNNobody should be dying of measles in 2025!’” “Hi I’m Nichelle!” “Hi Michelle.” “It’s Nichelle. With an N. Like ‘NNNNNobody should be dying of measles in 2025!’”",https://www.threads.com/@dr.nichellehaynes/post/DGwIX2bRy_c,"",0,0,5500,0,NaN
114,meghupdates,2025-08-13T17:36:18.000Z,"meghupdatesVerified “Rabies is a delicate virus”🙂 “Rabies is a delicate virus”🙂 Few words for her👇🏻👇🏻 . . #doglover #doglovers #animalactivist #delhi #rabies #rabiesvirus #infection #straydogs #protest #viral Few words for her👇🏻👇🏻 . . #doglover #doglovers #animalactivist #delhi #rabies #rabiesvirus #infection #straydogs #protest #viral Delhi, India",https://www.threads.com/@meghupdates/post/DNTcXbCBsPf,"",1500,0,3000,0,NaN
115,saadmaja,2025-08-13T23:54:04.000Z,"As a doctor i can say that rabies stays latent in nerve cells and 100% fatal disease. The reason cases are less is due to vaccination. Don’t believe any idiot with mic As a doctor i can say that rabies stays latent in nerve cells and 100% fatal disease. The reason cases are less is due to vaccination. Don’t believe any idiot with mic",https://www.threads.com/@saadmaja/post/DNUHmoySWun,"",0,0,1400,0,NaN
116,dr.tpl,2025-02-26T22:42:54.000Z,"I'm a medical doctor 💊 I'm a medical doctor 💊 Today a child died of measles in Texas. It shouldn't be this way at all. Children in 2025 should not get measles!!! Today a child died of measles in Texas. It shouldn't be this way at all. Children in 2025 should not get measles!!!",https://www.threads.com/@dr.tpl/post/DGjZ6Wvx4_A,"medical threads",0,0,1500,0,NaN
117,barbieann5280,2025-09-08T14:30:15.000Z,"By pure luck, I've never had Polio, Tetanus, Diphtheria, Rabies, Rubella, Measles, or Mumps. 🙏 Just kidding, it's because l'm vaccinated, and they work. By pure luck, I've never had Polio, Tetanus, Diphtheria, Rabies, Rubella, Measles, or Mumps. 🙏 Just kidding, it's because l'm vaccinated, and they work.",https://www.threads.com/@barbieann5280/post/DOWDv2jjpFo,"",0,0,1100,0,NaN
118,_alessandrorinaldi__,2025-03-10T22:13:50.000Z,"🤣🤣🤣WC rubentus🤣🤣🤣 🤣🤣🤣WC rubentus🤣🤣🤣",https://www.threads.com/@_alessandrorinaldi__/post/DHCQH_ZMywX,"",0,0,0,0,NaN
119,seneh.xyz,2025-03-01T14:36:23.000Z,"seneh.xyzVerified 𝖀𝖒𝖇𝖗𝖆 𝕻𝖚𝖗𝖈𝖊𝖑𝖑 𝖀𝖒𝖇𝖗𝖆 𝕻𝖚𝖗𝖈𝖊𝖑𝖑",https://www.threads.com/@seneh.xyz/post/DGqQlW0t7MD,"",0,0,0,0,NaN
120,blythern01,2025-10-08T23:57:20.000Z,"Public health nurse here with a little FYI.  Single entity vaccines for Measles, Mumps, and Rubella DON’T EVEN EXIST!!  For the love of all, I can’t anymore. Public health nurse here with a little FYI.  Single entity vaccines for Measles, Mumps, and Rubella DON’T EVEN EXIST!!  For the love of all, I can’t anymore.",https://www.threads.com/@blythern01/post/DPkUfgWDPi1,"",0,0,0,0,NaN
121,dom_lucre,2025-08-12T23:12:03.000Z,"dom_lucreVerified 🔥🚨BREAKING: Colorado officials just sent a warning of: “DO NOT TOUCH” to their residents after rabbits were spotted invading parts of the US with weird tentacles sprouting from their heads due to virus. 🔥🚨BREAKING: Colorado officials just sent a warning of: “DO NOT TOUCH” to their residents after rabbits were spotted invading parts of the US with weird tentacles sprouting from their heads due to virus.",https://www.threads.com/@dom_lucre/post/DNRd_yqNkrE,"",0,0,0,0,NaN
122,deborahbrowne12,2025-08-13T02:53:08.000Z,"If rabbits have tentacles it's not from a virus it's from Scientists doing freak experiments and releasing the animals If rabbits have tentacles it's not from a virus it's from Scientists doing freak experiments and releasing the animals",https://www.threads.com/@deborahbrowne12/post/DNR3TSys5XZ,"",0,0,0,0,NaN
123,acedurrani,2025-04-10T01:50:30.000Z,"acedurraniVerified 👋 Doctor here 👋 Doctor here RFK Jr. today on child that passed away from measles: “I saw the medical report on it today and the thing that killed her was not the measles, but it was a bacteriological infection.” RFK Jr. today on child that passed away from measles: “I saw the medical report on it today and the thing that killed her was not the measles, but it was a bacteriological infection.” Yeah.... Measles  can infect T cells, leading to systemic immune suppression and secondary infections like pneumonia. A first year med student could tell you that. Yeah.... Measles  can infect T cells, leading to systemic immune suppression and secondary infections like pneumonia. A first year med student could tell you that.",https://www.threads.com/@acedurrani/post/DIP4xHXJ3z1,"medicine",1000,2500,35300,476,NaN
124,crazz22,2025-04-10T02:50:25.000Z,"RFK could literally say “the thing that killed her was not the measles, it was jellybellyticklefoot” and the entire anti-vaxx community would believe him and share his diagnosis as truth. They’re delusional RFK could literally say “the thing that killed her was not the measles, it was jellybellyticklefoot” and the entire anti-vaxx community would believe him and share his diagnosis as truth. They’re delusional",https://www.threads.com/@crazz22/post/DIP_n85M6qt,"",0,0,0,0,NaN
125,senmarkeymemes,2025-09-19T14:14:19.000Z,"senmarkeymemesVerified Measles. Mumps. Rubella. This vaccine is safe, it’s effective, and it protects us all. RFK Jr. is leading our country into a dangerous, uncertain future. He must resign. 1/2 Measles. Mumps. Rubella. This vaccine is safe, it’s effective, and it protects us all. RFK Jr. is leading our country into a dangerous, uncertain future. He must resign.",https://www.threads.com/@senmarkeymemes/post/DOyWqwPDSxx,"",0,0,62,0,NaN
126,davekeegan0,2025-12-28T10:27:59.000Z,"I had the measles because I'm older than the vaccine. There's no reason for anyone to have it now except for stupidity. The vaccine for stupidity is education. I had the measles because I'm older than the vaccine. There's no reason for anyone to have it now except for stupidity. The vaccine for stupidity is education.",https://www.threads.com/@davekeegan0/post/DSzcQlvku34,"",0,0,2200,0,NaN
127,theonion,2025-03-14T18:55:21.000Z,"theonionVerified RFK Jr. Claims Measles Can Be Cured With A Good Concealer theonion.com/rfk-j… RFK Jr. Claims Measles Can Be Cured With A Good Concealer theonion.com/rfk-j…",https://www.threads.com/@theonion/post/DHMMlGiC9ev,"",68,0,1900,0,NaN
128,dawnsellerspdx,2025-02-26T22:19:12.000Z,"My PSA for today: You should get an MMR titer at your next Dr. visit. The measles vaccine does wear off. Know that measles is very contagious. My PSA for today: You should get an MMR titer at your next Dr. visit. The measles vaccine does wear off. Know that measles is very contagious.",https://www.threads.com/@dawnsellerspdx/post/DGjXMxrSb3l,"",0,0,0,0,NaN
129,cine_silva,2025-12-07T12:45:53.000Z,"Followcine_silva12/07/25More#rubi ❤️Like25Reply2RepostShare",https://www.threads.com/@cine_silva/post/DR9nWIGDc_h,"",0,0,0,0,NaN
130,footdocdana,2025-09-03T16:05:15.000Z,"footdocdanaVerified Have you ever heard of this? 🎥 doctor.flebo on IG mosquito #doctorexplains #lymphatic #disease Have you ever heard of this? 🎥 doctor.flebo on IG mosquito #doctorexplains #lymphatic #disease",https://www.threads.com/@footdocdana/post/DOJWlH-DWYw,"Mosquito",0,0,0,0,NaN
131,dr.tpl,2025-10-26T01:54:52.000Z,"I'm a medical doctor who works in the hospital 👋 I'm a medical doctor who works in the hospital 👋 List of cases I've seen this week... List of cases I've seen this week... COPD exacerbation  Acute respiratory failure with hypoxia  Acute respiratory failure with hypercarbia Multifocal pneumonia .... COPD exacerbation  Acute respiratory failure with hypoxia  Acute respiratory failure with hypercarbia Multifocal pneumonia .... Do you see where this is headed? 😫 Do you see where this is headed? 😫",https://www.threads.com/@dr.tpl/post/DQQTdQyEVrz,"",57,0,4000,0,NaN
132,weberlaurel,2025-10-26T05:46:00.000Z,"I'm 68 years old and have had every vaccine since they became available. Sugar cube with medicine on it for polio & the TB shot.  I've had measles(twice), rubella, chicken pox & was so happy when the MMA shot was developed so my child didn't have to go through what I did. I have always gotten the flu & COVID vaccine as I  have a compromised immune system & can't trust people to get their vaccines.  Guess what? They work. My daughter, grandsons & I are all healthy & alive.I trust science! I'm 68 years old and have had every vaccine since they became available. Sugar cube with medicine on it for polio & the TB shot.  I've had measles(twice), rubella, chicken pox & was so happy when the MMA shot was developed so my child didn't have to go through what I did. I have always gotten the flu & COVID vaccine as I  have a compromised immune system & can't trust people to get their vaccines.  Guess what? They work. My daughter, grandsons & I are all healthy & alive.I trust science!",https://www.threads.com/@weberlaurel/post/DQQt6GCDif-,"",0,0,0,0,NaN
133,dr.mo.ibrahim,2025-04-08T14:25:55.000Z,"dr.mo.ibrahimVerified This patient presented with an acute eruption on the hand. The patient was in good general health and not in therapy with systemic drugs. The first vesicles and blisters appeared during a trip in SriLanka. What is your diagnosis? This patient presented with an acute eruption on the hand. The patient was in good general health and not in therapy with systemic drugs. The first vesicles and blisters appeared during a trip in SriLanka. What is your diagnosis?",https://www.threads.com/@dr.mo.ibrahim/post/DIMFoKsuQ67,"",0,0,0,0,NaN
134,laurenschimko,2025-10-06T00:27:37.000Z,"Oh great…it’s just a matter of time for the rest of the country…VACCINATE!!!!! Oh great…it’s just a matter of time for the rest of the country…VACCINATE!!!!!",https://www.threads.com/@laurenschimko/post/DPcpkobkTso,"",70,0,1200,0,NaN
135,pamommy420,2025-10-06T10:28:34.000Z,"It’s measles. It’s a rash. No vaccine needed. Having the measles has been shown to even help prevent certain cancers later in life. I’m not even scared of the measles and I’m immunocompromised and an adult. The fear mongering is like WHOA. The MMR is a nightmare. Do not run out and give it to your kids bc a rash broke out in one state. There’s measles outbreaks every single year, without fail. People fail to realize that most of the adult population is walking around unvaccinated right now. It’s measles. It’s a rash. No vaccine needed. Having the measles has been shown to even help prevent certain cancers later in life. I’m not even scared of the measles and I’m immunocompromised and an adult. The fear mongering is like WHOA. The MMR is a nightmare. Do not run out and give it to your kids bc a rash broke out in one state. There’s measles outbreaks every single year, without fail. People fail to realize that most of the adult population is walking around unvaccinated right now.",https://www.threads.com/@pamommy420/post/DPduWOTjYNn,"",0,0,0,0,NaN
136,drtheresamacphail,2025-07-03T19:58:29.000Z,"drtheresamacphailVerified Welp, I checked my immunity levels during my last physical and the antibody tests just came back non-reactive. Welp, I checked my immunity levels during my last physical and the antibody tests just came back non-reactive. So, I immediately made an appointment to get my MMR shot. So, I immediately made an appointment to get my MMR shot. I *refuse* to be a vector in this bullshit timeline. I *refuse* to be a vector in this bullshit timeline.",https://www.threads.com/@drtheresamacphail/post/DLqIDQGOQgN,"",0,0,1100,0,NaN
137,rubabanice,2025-12-18T20:07:26.000Z,"#rubabanice #rubabanice",https://www.threads.com/@rubabanice/post/DSaunxCjFMe,"",0,0,0,0,NaN
138,elinggp_,2025-04-27T10:44:14.000Z,"Bunda-bunda kalo vaksin DPT mending hexaxim atau infanrix hexa ya yg minim bgt demam, tolong sarannya dong  Translate 1/2 Bunda-bunda kalo vaksin DPT mending hexaxim atau infanrix hexa ya yg minim bgt demam, tolong sarannya dong",https://www.threads.com/@elinggp_/post/DI8nXMVzZIz,"",0,0,0,0,NaN
139,alma_122889,2025-10-26T10:02:47.000Z,"Bener ga sh vaksin rotavirus mencegah diare? Kalo iya, kenapa anakku masih diare ya? Udah 2x vaksin rotavirus.. Terimakasih yg sudah menjawab...  Translate 1/2 Bener ga sh vaksin rotavirus mencegah diare? Kalo iya, kenapa anakku masih diare ya? Udah 2x vaksin rotavirus.. Terimakasih yg sudah menjawab...",https://www.threads.com/@alma_122889/post/DQRLSzBD65Y,"imunisasi",0,0,0,0,NaN
140,dr.nisa.khalil,2025-10-30T01:04:57.000Z,"""Doc, kalau vaksin betul-betul selamat... kenapa hospital tak bagi guarantee?"" 💉 ""Doc, kalau vaksin betul-betul selamat... kenapa hospital tak bagi guarantee?"" 💉 Okay, I got this question on Threads yesterday and honestly? It's a valid question. Let me break it down for you. 1/7 Okay, I got this question on Threads yesterday and honestly? It's a valid question. Let me break it down for you.",https://www.threads.com/@dr.nisa.khalil/post/DQag7GJD9GU,"",120,0,1100,0,NaN
141,jannahghani,2025-05-28T10:24:40.000Z,"Dah baik demam 3 hari tiba tiba harini naik bintik pulak. Macam campak. Mama mama ada tips tak untuk surutkan bintik campak ni☹️  Translate Dah baik demam 3 hari tiba tiba harini naik bintik pulak. Macam campak. Mama mama ada tips tak untuk surutkan bintik campak ni☹️",https://www.threads.com/@jannahghani/post/DKMZxBbykT9,"",0,0,0,0,NaN
142,sunsetfrenzy,2025-08-27T01:21:58.000Z,"Bicara tentang vaksin dan anti vaksin yg akhir-akhir ini lagi viral. Langit itu vaksinnya lengkap, pas dia umur 6 bulan dia kena cacar. Saya bersyukur ga butuh waktu lama untuk dia recovery, dan selama sakit dia masih bisa haha-hihi. Bayangin kalo anak ga divaksin lengkap terus kena cacar, komplikasinya bisa lebih serius. Yg vaksin aja tetep anak itu ngerasain sakit, gimana yg ga vaksin? ☺️ Ga menerima comment orang ngeyel yg anti vaksin, tak sebul mbun-mbunanmu lek sik ngeyel ae.  Translate Bicara tentang vaksin dan anti vaksin yg akhir-akhir ini lagi viral. Langit itu vaksinnya lengkap, pas dia umur 6 bulan dia kena cacar. Saya bersyukur ga butuh waktu lama untuk dia recovery, dan selama sakit dia masih bisa haha-hihi. Bayangin kalo anak ga divaksin lengkap terus kena cacar, komplikasinya bisa lebih serius. Yg vaksin aja tetep anak itu ngerasain sakit, gimana yg ga vaksin? ☺️ Ga menerima comment orang ngeyel yg anti vaksin, tak sebul mbun-mbunanmu lek sik ngeyel ae.",https://www.threads.com/@sunsetfrenzy/post/DN1v_1SZlPB,"Vaksin",0,0,1100,0,NaN
143,ummukalsumandilajeng,2025-12-25T00:11:00.000Z,"Ibu Sehat sehat ya bu, saya bukan provaksin bukan juga kontra, cuma sedang mencari tahun isi dari vaksin itu bermanfaat baik atau tidk untuk bayi saya. dan setelah melihat ini saya jadi yakin untuk tidak melanjutkan vax.  Translate Ibu Sehat sehat ya bu, saya bukan provaksin bukan juga kontra, cuma sedang mencari tahun isi dari vaksin itu bermanfaat baik atau tidk untuk bayi saya. dan setelah melihat ini saya jadi yakin untuk tidak melanjutkan vax. navious88 navious88",https://www.threads.com/@ummukalsumandilajeng/post/DSqnQ_tEvD9,"",0,0,0,0,NaN
144,oka4you,2025-07-10T14:00:09.000Z,"Free adop dengan syarat : Tidak dijual Dirawat dengan benar dan sayang Divaksin kan  Kebersihan dijaga Kirim perkembangan lewat video minim 2minggu sekali Jika sakit/kenapa2 bisa konsultasi, kalau bisa bantu tetep dibantu Free adop dengan syarat : Tidak dijual Dirawat dengan benar dan sayang Divaksin kan  Kebersihan dijaga Kirim perkembangan lewat video minim 2minggu sekali Jika sakit/kenapa2 bisa konsultasi, kalau bisa bantu tetep dibantu @sorotan #pemula #semuaorangツ  Translate @sorotan #pemula #semuaorangツ",https://www.threads.com/@oka4you/post/DL7gm7fBGaL,"pemula",0,0,0,0,NaN
145,dokteranakbunda,2025-11-27T14:16:41.000Z,"Tips buat menekan biaya vaksin anak: 1. Vaksin yg ada di program nasional, disediakan di puskesmas, diikuti, semuanya gratis 2. Vaksin tambahan yg di klinik/DSA, bisa riset kecil2an utk membandingkan biayanya Tips buat menekan biaya vaksin anak: 1. Vaksin yg ada di program nasional, disediakan di puskesmas, diikuti, semuanya gratis 2. Vaksin tambahan yg di klinik/DSA, bisa riset kecil2an utk membandingkan biayanya (Saat ini, saya lagi susun e-book tentang A-Z imunisasi anak. Cuplikannya berikut, ya)  Translate 1/2 (Saat ini, saya lagi susun e-book tentang A-Z imunisasi anak. Cuplikannya berikut, ya)",https://www.threads.com/@dokteranakbunda/post/DRkByhFEjL5,"",0,0,0,0,NaN
146,baiqlolahidayati,2025-11-09T06:47:07.000Z,"Ya Allah kengeriii k gitakn🥹  Translate Ya Allah kengeriii k gitakn🥹",https://www.threads.com/@baiqlolahidayati/post/DQ04B6uDWnS,"",0,0,0,0,NaN
147,kaliobakuah,2025-11-10T03:15:03.000Z,"MANGKANYA IMUNISASI DASAR LENGKAP!!!  KALIAN SELAMA INI AMAN KARNA DILINDUNGI SAMA LINGKUNGAN KALIAN YANG IMUNISASI TAPI KALIAN JADI TERLALU SOMBONG DAN SOK MEMPENGARUHI  YANG LAIN UNTUK MENGIKUTI LANGKAH GILA KALIAN JADILAH HERD IMMUNITY ITU JEBOL DAN PENYAKIT MENULAR MEMATIKAN ITU BANGKIT LAGI. KALIAN ANTI IMUNISASI ITU DZALIM KE ANAK SENDIRI JUGA KE MASYARAKAT SEKITAR  Translate MANGKANYA IMUNISASI DASAR LENGKAP!!!  KALIAN SELAMA INI AMAN KARNA DILINDUNGI SAMA LINGKUNGAN KALIAN YANG IMUNISASI TAPI KALIAN JADI TERLALU SOMBONG DAN SOK MEMPENGARUHI  YANG LAIN UNTUK MENGIKUTI LANGKAH GILA KALIAN JADILAH HERD IMMUNITY ITU JEBOL DAN PENYAKIT MENULAR MEMATIKAN ITU BANGKIT LAGI. KALIAN ANTI IMUNISASI ITU DZALIM KE ANAK SENDIRI JUGA KE MASYARAKAT SEKITAR",https://www.threads.com/@kaliobakuah/post/DQ3EjnliaI8,"",0,0,0,0,NaN
148,anismahrun,2025-07-30T08:31:21.000Z,"Aku dulu mikirnya kalau vaksin cukup yang dicover pemerintah aja kali ya ( sesuai yang di buku KIA) tp semenjak usia anakku 1 tahun dan aku baru kasih vaksin influenza aku nyesel kenapa ga dari dulu aku kasih vaksin tambahan yg ga dicover pemerintah. Semoga ayah ibu dilimpahkan rezeki biar bisa kasih vaksin2 tambahan yg ga dicover pemerintah. Aamiin 🤲  Translate Aku dulu mikirnya kalau vaksin cukup yang dicover pemerintah aja kali ya ( sesuai yang di buku KIA) tp semenjak usia anakku 1 tahun dan aku baru kasih vaksin influenza aku nyesel kenapa ga dari dulu aku kasih vaksin tambahan yg ga dicover pemerintah. Semoga ayah ibu dilimpahkan rezeki biar bisa kasih vaksin2 tambahan yg ga dicover pemerintah. Aamiin 🤲",https://www.threads.com/@anismahrun/post/DMua4JRxUEK,"VaksinAnak",0,0,0,0,NaN
149,tiara401,2025-11-19T09:45:19.000Z,"tiara401Verified Ini pasien temenku, dengan pneumonia campak :( sedih banget liatnya. Ini pasien temenku, dengan pneumonia campak :( sedih banget liatnya. Semoga ga makin rame yaa para antivaks ini. Kalo udah mau nyerah menghadapi mereka, aku suka mengutip kata2 ini. Semoga ga makin rame yaa para antivaks ini. Kalo udah mau nyerah menghadapi mereka, aku suka mengutip kata2 ini. ""Only Vaccinate The Kids You Want To Keep""  Translate ""Only Vaccinate The Kids You Want To Keep""",https://www.threads.com/@tiara401/post/DRO8X8liRTz,"VaccinesSaveLives",0,0,0,0,NaN
150,iogh_bp,2025-11-25T02:56:41.000Z,"4 Minggu ini kasus campak membeludak* Farahhhh ( parah versi Sunda ) Kalo Udha vaksin sih campaknya ringan Yang belum vaksin nih sampe pneumonia. Diare hebat muntah2 hebat 4 Minggu ini kasus campak membeludak* Farahhhh ( parah versi Sunda ) Kalo Udha vaksin sih campaknya ringan Yang belum vaksin nih sampe pneumonia. Diare hebat muntah2 hebat Ampun ya Allah  Please jangan lupa vaksin anakmu di usia 9 bulan ya....  Translate 1/2 Ampun ya Allah  Please jangan lupa vaksin anakmu di usia 9 bulan ya....",https://www.threads.com/@iogh_bp/post/DRdqYTvAet8,"campak",0,0,0,0,NaN
151,caeclia,2025-11-08T06:36:26.000Z,"Hari ini bawa anak buat vaksin influenza dosis yg kedua sblm pengulangan tahunan. Rasanya seneng banget & bangga wkwkwk 😝 suami jg keliatan makin antusias & aware buat vaksin jenis lainnya 😆 next direkomendasiin dokternya vaksin cacar air, mangats kerjanya 🤣🙌🏻  Translate Hari ini bawa anak buat vaksin influenza dosis yg kedua sblm pengulangan tahunan. Rasanya seneng banget & bangga wkwkwk 😝 suami jg keliatan makin antusias & aware buat vaksin jenis lainnya 😆 next direkomendasiin dokternya vaksin cacar air, mangats kerjanya 🤣🙌🏻",https://www.threads.com/@caeclia/post/DQySA14D49L,"VaksinAnak",0,0,0,0,NaN
152,c.aryatyas,2025-09-06T17:40:42.000Z,"BIDAN SENGAJA SALAH NGASIH VAKSIN! BIDAN SENGAJA SALAH NGASIH VAKSIN! Hari ini dibuat emosi banget sama salah satu klinik kesehatan di Bandar Lampung. Sengaja dari jauh-jauh hari sudah cari info sana-sini kira-kira bulan ini anakku mau imunisasi DPT 2, PCV dan rotavirus di mana. Karena emang sengaja mau cari lokasi lain dari tempat imunisasi pertama. Hari ini dibuat emosi banget sama salah satu klinik kesehatan di Bandar Lampung. Sengaja dari jauh-jauh hari sudah cari info sana-sini kira-kira bulan ini anakku mau imunisasi DPT 2, PCV dan rotavirus di mana. Karena emang sengaja mau cari lokasi lain dari tempat imunisasi pertama. FYI sebelumnya DPT 1, PCV, dan rotavirusnya pakai Hexaxim, Prevenar 13 dan Rotarix. Sepengetahuan awamku, merek vaksin sebisa mungkin kan harus sama dari awal sampai akhir.  Translate 1/19 FYI sebelumnya DPT 1, PCV, dan rotavirusnya pakai Hexaxim, Prevenar 13 dan Rotarix. Sepengetahuan awamku, merek vaksin sebisa mungkin kan harus sama dari awal sampai akhir.",https://www.threads.com/@c.aryatyas/post/DORP88wk7wn,"imunisasi",0,0,0,0,NaN
153,mrsresna,2025-11-24T23:57:10.000Z,"Yuk para dokter anak  Sedang merawat berapa pasien campak hari ini? Yuk para dokter anak  Sedang merawat berapa pasien campak hari ini? Saya : 4 semua komplikasi pneumonia dan tentunya intake sulit  semua pasien ini juga ga vaksin  Translate 1/2 Saya : 4 semua komplikasi pneumonia dan tentunya intake sulit  semua pasien ini juga ga vaksin",https://www.threads.com/@mrsresna/post/DRdV1eXkgF5,"",0,0,0,0,NaN
154,rosentine.a,2025-11-25T12:07:48.000Z,"Lg bnyk kasus campak ya sptinya, dan dokter2 anak pada bilang parah bngt efeknya utk anak2 yg tidak divaksin. Muntaber parah dan pneumonia sampai hrs masuk NICU. Bahkan bayi yg blm bs vaksin campak jg hrs kena krna blm cukup umurnya utk vaksin. Kl kyk gini gmn pertanggung jawaban dari orang tua yg tdk memvaksin anak2nya? Anak kalian jd penyebar endemi campak skrng. Hrsnya kalian yg anti vaksin gblh pakai BPJS jg kl kyk gini, jd beban yg seharusnya bs dihindari dgn vaksin. Herd immunity hancur.  Translate Lg bnyk kasus campak ya sptinya, dan dokter2 anak pada bilang parah bngt efeknya utk anak2 yg tidak divaksin. Muntaber parah dan pneumonia sampai hrs masuk NICU. Bahkan bayi yg blm bs vaksin campak jg hrs kena krna blm cukup umurnya utk vaksin. Kl kyk gini gmn pertanggung jawaban dari orang tua yg tdk memvaksin anak2nya? Anak kalian jd penyebar endemi campak skrng. Hrsnya kalian yg anti vaksin gblh pakai BPJS jg kl kyk gini, jd beban yg seharusnya bs dihindari dgn vaksin. Herd immunity hancur.",https://www.threads.com/@rosentine.a/post/DRepcvICTQo,"",0,0,0,0,NaN
155,aashland___,2025-09-20T07:44:32.000Z,"Vaksin ga hanya untuk daya tahan tubuh bayi, tapi juga untuk membentuk herd immunity.  Translate Vaksin ga hanya untuk daya tahan tubuh bayi, tapi juga untuk membentuk herd immunity.",https://www.threads.com/@aashland___/post/DO0O2ofkRKd,"",152,0,1400,0,NaN
156,nandabillatalib,2025-08-02T06:56:04.000Z,"Threads.... Kalian tim yg vaksin anaknya atw gak vaksin??? Me : 3 anakku smua dpat imunisasi dasar n lanjutan lengkap...  Translate Threads.... Kalian tim yg vaksin anaknya atw gak vaksin??? Me : 3 anakku smua dpat imunisasi dasar n lanjutan lengkap...",https://www.threads.com/@nandabillatalib/post/DM1-W4iSHZu,"",0,0,0,0,NaN
157,sesarika,2025-06-20T04:50:18.000Z,"sesarikaVerified Entah kenapa liat jajaran sticker vaksin di buku KIA anak ini berasa lega & bangga. Karena alhamdulillah aku sebagai ibu bisa ikhtiar memenuhi hak anak untuk dapat proteksi imun dari berbagai penyakit berbahaya. Entah kenapa liat jajaran sticker vaksin di buku KIA anak ini berasa lega & bangga. Karena alhamdulillah aku sebagai ibu bisa ikhtiar memenuhi hak anak untuk dapat proteksi imun dari berbagai penyakit berbahaya. Walaupun masih ada beberapa vaksin booster yang belum tapi seenggaknya lega yang dasar udah terpenuhi. Ini gak semua di DSA ada yang di puskesmas juga biar gratis. 😆  Translate Walaupun masih ada beberapa vaksin booster yang belum tapi seenggaknya lega yang dasar udah terpenuhi. Ini gak semua di DSA ada yang di puskesmas juga biar gratis. 😆",https://www.threads.com/@sesarika/post/DLHByJ-TWGl,"vaksinasi",0,0,0,0,NaN
158,mega__gram,2025-08-26T12:33:47.000Z,"Saya merawat dua anak bersaudara. Anak kedua terkena campak, sementara adiknya (anak ketiga) datang dengan keluhan sesak napas. Keduanya memang tidak mendapatkan imunisasi. Saya menjelaskan kepada ibunya bahwa campak sangat mudah menular pada anak yang tidak diimunisasi  Translate 1/3 Saya merawat dua anak bersaudara. Anak kedua terkena campak, sementara adiknya (anak ketiga) datang dengan keluhan sesak napas. Keduanya memang tidak mendapatkan imunisasi. Saya menjelaskan kepada ibunya bahwa campak sangat mudah menular pada anak yang tidak diimunisasi",https://www.threads.com/@mega__gram/post/DN0YFdy5nCb,"",0,0,0,0,NaN
159,mamahamiid,2025-11-27T04:31:41.000Z,"Hari ini imunisasi PCV + Rotavirus tetes.  2 Minggu yg lalu kita imunisasi DPT 1.  Aku gak tega mlht anak nangis d suntik 2 kali barengan, apalagi umur nya masih 2 bln. mknya milih di pisah aja DPT 1, sm PCV nya. Kmrn imunisasi DPT 1 ambil hexaxim di klinik, skrng PCV nya yg gratis aja d puskesmas.  Mau yg berbayar atau yg gratis semua imunisasi itu sama saja, asal jgn teriak2 antivaksin.. kalau mau antivaksin, antivaksin aja sendiri jgn ngajak2 apalagi teriak2 d sosmed🤭  Translate Hari ini imunisasi PCV + Rotavirus tetes.  2 Minggu yg lalu kita imunisasi DPT 1.  Aku gak tega mlht anak nangis d suntik 2 kali barengan, apalagi umur nya masih 2 bln. mknya milih di pisah aja DPT 1, sm PCV nya. Kmrn imunisasi DPT 1 ambil hexaxim di klinik, skrng PCV nya yg gratis aja d puskesmas.  Mau yg berbayar atau yg gratis semua imunisasi itu sama saja, asal jgn teriak2 antivaksin.. kalau mau antivaksin, antivaksin aja sendiri jgn ngajak2 apalagi teriak2 d sosmed🤭",https://www.threads.com/@mamahamiid/post/DRi-11HD_j2,"imunisasi",0,0,0,0,NaN
160,sashi.cat,2025-11-23T10:48:54.000Z,"sashi.catVerified Sehat sehat ya semua, btw skrg lagi musim pancaroba, anak anak jangan lupa vaksin kalau belum vaksin, kalau udah jangan lupa kasih vitamin atau suplemen, dan yg paling penting jaga kebersihan dan kelembapan ruangan mengkekk🌹🐱  Translate Sehat sehat ya semua, btw skrg lagi musim pancaroba, anak anak jangan lupa vaksin kalau belum vaksin, kalau udah jangan lupa kasih vitamin atau suplemen, dan yg paling penting jaga kebersihan dan kelembapan ruangan mengkekk🌹🐱",https://www.threads.com/@sashi.cat/post/DRZW01CE7i0,"",0,0,0,0,NaN
161,tridchildod,2025-05-09T03:34:29.000Z,"Stop Vaksin, anak saya salah satu korban Vaksin , setelah vaksin bawaannya flu melulu , kalau keadaan anakku seperti ini siapa yang tanggung jawab, Pak Menteri  tolong jngn di korbankan rakyatnya,  Keluar dari WHO ,  Indonesia bisa mengobati dirinya sendiri, kembangkan obat herbal , indonesia kaya dengan rempah2, Bapak aja duluan Uji Coba  Translate Stop Vaksin, anak saya salah satu korban Vaksin , setelah vaksin bawaannya flu melulu , kalau keadaan anakku seperti ini siapa yang tanggung jawab, Pak Menteri  tolong jngn di korbankan rakyatnya,  Keluar dari WHO ,  Indonesia bisa mengobati dirinya sendiri, kembangkan obat herbal , indonesia kaya dengan rempah2, Bapak aja duluan Uji Coba rosi_kompastv rosi_kompastv",https://www.threads.com/@tridchildod/post/DJavuFSyA_K,"",0,0,0,0,NaN
162,hnsarum,2025-10-20T03:27:26.000Z,"Bu Ibu kalian tim mana imunisasi di DSA tapa demam apa imunisasi di bidan? Alasanya apa?  Translate Bu Ibu kalian tim mana imunisasi di DSA tapa demam apa imunisasi di bidan? Alasanya apa?",https://www.threads.com/@hnsarum/post/DQBBR9ZEika,"",0,0,0,0,NaN
163,sitaevita,2025-10-20T05:29:36.000Z,"Vaksin tu banyak dan panjang durasinya, jadi aku lebih milih berstrategi yang dapet subsidi gratis ambil ke puskesmas, yang berbayar ke DSA ato rumah vaksin. Biar bisa terpenuhi semua. Vaksin di puskesmas Alhamdulillah di anakku masih teratasi demamnya.  Translate Vaksin tu banyak dan panjang durasinya, jadi aku lebih milih berstrategi yang dapet subsidi gratis ambil ke puskesmas, yang berbayar ke DSA ato rumah vaksin. Biar bisa terpenuhi semua. Vaksin di puskesmas Alhamdulillah di anakku masih teratasi demamnya.",https://www.threads.com/@sitaevita/post/DQBPQtCANaY,"",0,0,0,0,NaN
164,bermatakaca,2025-08-26T12:17:26.000Z,"buat yg anti vaksin please jgn masukin anaknya di sekolah umum, kasih homeschooling aja. jgn maen sama anak2 lain kerem di rumah aja. 🫡🙏  Translate buat yg anti vaksin please jgn masukin anaknya di sekolah umum, kasih homeschooling aja. jgn maen sama anak2 lain kerem di rumah aja. 🫡🙏",https://www.threads.com/@bermatakaca/post/DN0WNr00jAg,"",80,0,4000,0,NaN
165,chintia_as17,2025-08-26T14:41:17.000Z,"anak saya 4 , 2 vaksin lengkap, 2 lagi nggak sama sekali kecuali saat lahir doang gatau disuntik apaan. daya tahan tubuh lebih kuat yg ga vaksin, sangat aktif , hampir jrg sakit. yg vaksin malah mondar mandir rumah sakit ada aja sakitnya. akhirnya apa ? saya menyesal 2 anak saya divaksin  Translate anak saya 4 , 2 vaksin lengkap, 2 lagi nggak sama sekali kecuali saat lahir doang gatau disuntik apaan. daya tahan tubuh lebih kuat yg ga vaksin, sangat aktif , hampir jrg sakit. yg vaksin malah mondar mandir rumah sakit ada aja sakitnya. akhirnya apa ? saya menyesal 2 anak saya divaksin",https://www.threads.com/@chintia_as17/post/DN0mrRX0qk6,"",0,0,0,0,NaN
166,feraidrn,2025-06-28T06:23:21.000Z,"Apa iyasi imunisasi dpt semengerikan itu kalo di Puskes dibanding DSA🙂🥲  Translate Apa iyasi imunisasi dpt semengerikan itu kalo di Puskes dibanding DSA🙂🥲",https://www.threads.com/@feraidrn/post/DLbyypSzZSn,"",0,0,0,0,NaN
167,alrihlaa,2025-12-08T09:14:53.000Z,"Ternyata Ini Salah satu ujian terberatnya  #vaksin #umroh #vaksinpolio #vaksinmeningitis  Translate Ternyata Ini Salah satu ujian terberatnya  #vaksin #umroh #vaksinpolio #vaksinmeningitis",https://www.threads.com/@alrihlaa/post/DR_z_eCEoWM,"",0,0,0,0,NaN
168,snny_95,2025-11-15T03:30:03.000Z,"Hari ini vaksin cacar sama hepatitis A, agak kaget ternyata gak di cover perusahaan. Januari jadwal vaksin pcv booter sama hepatitis A dosis 2.  Ibu ibu kalian vaksin anak sampe umur berapa ya? Apakah vaksin booster itu penting?  Translate 1/2 Hari ini vaksin cacar sama hepatitis A, agak kaget ternyata gak di cover perusahaan. Januari jadwal vaksin pcv booter sama hepatitis A dosis 2.  Ibu ibu kalian vaksin anak sampe umur berapa ya? Apakah vaksin booster itu penting?",https://www.threads.com/@snny_95/post/DRD-P41kmGf,"",0,0,0,0,NaN
